lr-Adam,epoch,step,train_bpd,val_bpd,test_bpd
0.001,,0,,,
,0,49,5.284992694854736,,
,0,99,4.942521095275879,,
,0,149,4.738490104675293,,
,0,199,4.6739397048950195,,
,0,249,4.538321018218994,,
,0,299,4.457344055175781,,
,0,349,4.454127311706543,,
0.00099,,351,,,
,1,399,4.3012919425964355,,
,1,449,4.317051887512207,,
,1,499,4.454311370849609,,
,1,549,4.306027889251709,,
,1,599,4.179597854614258,,
,1,649,4.343536376953125,,
,1,699,4.2354655265808105,,
0.0009801,,702,,,
,2,749,4.410976409912109,,
,2,799,4.169856071472168,,
,2,849,4.191658020019531,,
,2,899,4.23801326751709,,
,2,949,4.238795280456543,,
,2,999,4.129695892333984,,
,2,1049,4.18913459777832,,
0.000970299,,1053,,,
,3,1099,4.0633087158203125,,
,3,1149,4.084158897399902,,
,3,1199,4.01023006439209,,
,3,1249,4.070940971374512,,
,3,1299,4.159611701965332,,
,3,1349,4.091340065002441,,
,3,1399,4.055612564086914,,
0.0009605960099999999,,1404,,,
,4,1449,4.048177719116211,,
,4,1499,4.052513122558594,,
,4,1549,4.079606533050537,,
,4,1599,4.012557029724121,,
,4,1649,3.9832913875579834,,
,4,1699,3.8673486709594727,,
,4,1749,4.158720970153809,,
0.0009509900498999999,,1755,,,
,5,1799,3.9658005237579346,,
,5,1849,3.8915534019470215,,
,5,1899,4.060431480407715,,
,5,1949,3.9044833183288574,,
,5,1999,3.8786635398864746,,
,5,2049,3.8826591968536377,,
,5,2099,4.034229278564453,,
0.0009414801494009999,,2106,,,
,6,2149,3.8827567100524902,,
,6,2199,3.9588623046875,,
,6,2249,3.856066942214966,,
,6,2299,3.9161362648010254,,
,6,2349,3.847212076187134,,
,6,2399,3.931392192840576,,
,6,2449,3.8485841751098633,,
0.0009320653479069899,,2457,,,
,7,2499,3.8919100761413574,,
,7,2549,3.937333822250366,,
,7,2599,3.878823757171631,,
,7,2649,3.848191976547241,,
,7,2699,3.8312268257141113,,
,7,2749,3.899075984954834,,
,7,2799,3.8693056106567383,,
0.00092274469442792,,2808,,,
,8,2849,3.8886029720306396,,
,8,2899,3.848992347717285,,
,8,2949,3.748114824295044,,
,8,2999,3.903205394744873,,
,8,3049,3.818556308746338,,
,8,3099,3.888385057449341,,
,8,3149,3.829474449157715,,
0.0009135172474836408,,3159,,,
,9,3199,3.957120418548584,,
,9,3249,3.7805490493774414,,
,9,3299,3.8056800365448,,
,9,3349,3.913257122039795,,
,9,3399,3.7725586891174316,,
,9,3449,3.802528142929077,,
,9,3499,3.810697317123413,,
0.0009043820750088043,,3510,,,
,10,3549,3.756155252456665,,
,10,3599,3.7888362407684326,,
,10,3649,3.7747225761413574,,
,10,3699,3.762779951095581,,
,10,3749,3.8082311153411865,,
,10,3799,3.8582680225372314,,
,10,3849,3.7858572006225586,,
0.0008953382542587163,,3861,,,
,11,3899,3.840822696685791,,
,11,3949,3.780841112136841,,
,11,3999,3.782865524291992,,
,11,4049,3.71659517288208,,
,11,4099,3.7307960987091064,,
,11,4149,3.7641358375549316,,
,11,4199,3.761141777038574,,
0.0008863848717161291,,4212,,,
,12,4249,3.7426443099975586,,
,12,4299,3.711475372314453,,
,12,4349,3.8346877098083496,,
,12,4399,3.8757593631744385,,
,12,4449,3.6978721618652344,,
,12,4499,3.8531293869018555,,
,12,4549,3.736039400100708,,
0.0008775210229989678,,4563,,,
,13,4599,3.767320394515991,,
,13,4649,3.6969199180603027,,
,13,4699,3.713275671005249,,
,13,4749,3.7232675552368164,,
,13,4799,3.7920141220092773,,
,13,4849,3.804809808731079,,
,13,4899,3.661686420440674,,
0.0008687458127689781,,4914,,,
,14,4949,3.6989214420318604,,
,14,4999,3.7492713928222656,,
,14,5049,3.727724313735962,,
,14,5099,3.705806255340576,,
,14,5149,3.706676483154297,,
,14,5199,3.800736427307129,,
,14,5249,3.688244342803955,,
,14,5264,,3.720937490463257,
0.0008600583546412883,,5265,,,
,15,5299,3.730109930038452,,
,15,5349,3.8261218070983887,,
,15,5399,3.7448647022247314,,
,15,5449,3.687220811843872,,
,15,5499,3.7516326904296875,,
,15,5549,3.9154248237609863,,
,15,5599,3.6894946098327637,,
0.0008514577710948754,,5616,,,
,16,5649,3.7707138061523438,,
,16,5699,3.6961212158203125,,
,16,5749,3.8569259643554688,,
,16,5799,3.687469482421875,,
,16,5849,3.7708253860473633,,
,16,5899,3.7210135459899902,,
,16,5949,3.7230019569396973,,
0.0008429431933839266,,5967,,,
,17,5999,3.706387996673584,,
,17,6049,3.797098159790039,,
,17,6099,3.608092784881592,,
,17,6149,3.753549575805664,,
,17,6199,3.676401138305664,,
,17,6249,3.7366225719451904,,
,17,6299,3.600241184234619,,
0.0008345137614500873,,6318,,,
,18,6349,3.7677435874938965,,
,18,6399,3.6905922889709473,,
,18,6449,3.7369096279144287,,
,18,6499,3.6082324981689453,,
,18,6549,3.692934513092041,,
,18,6599,3.6916000843048096,,
,18,6649,3.6894681453704834,,
0.0008261686238355864,,6669,,,
,19,6699,3.6518139839172363,,
,19,6749,3.6083602905273438,,
,19,6799,3.67730975151062,,
,19,6849,3.6170172691345215,,
,19,6899,3.6585850715637207,,
,19,6949,3.702393054962158,,
,19,6999,3.6205010414123535,,
0.0008179069375972306,,7020,,,
,20,7049,3.7105228900909424,,
,20,7099,3.782733917236328,,
,20,7149,3.715949058532715,,
,20,7199,3.6395230293273926,,
,20,7249,3.6451385021209717,,
,20,7299,3.8123977184295654,,
,20,7349,3.6442196369171143,,
0.0008097278682212583,,7371,,,
,21,7399,3.5781772136688232,,
,21,7449,3.690575122833252,,
,21,7499,3.687973976135254,,
,21,7549,3.734205961227417,,
,21,7599,3.644213914871216,,
,21,7649,3.588186740875244,,
,21,7699,3.714722156524658,,
0.0008016305895390457,,7722,,,
,22,7749,3.599313259124756,,
,22,7799,3.650481939315796,,
,22,7849,3.5231330394744873,,
,22,7899,3.646825075149536,,
,22,7949,3.6511497497558594,,
,22,7999,3.5610241889953613,,
,22,8049,3.6359221935272217,,
0.0007936142836436553,,8073,,,
,23,8099,3.681575298309326,,
,23,8149,3.6075921058654785,,
,23,8199,3.654463529586792,,
,23,8249,3.6179285049438477,,
,23,8299,3.721970558166504,,
,23,8349,3.6500110626220703,,
,23,8399,3.5999367237091064,,
0.0007856781408072188,,8424,,,
,24,8449,3.555485725402832,,
,24,8499,3.6672520637512207,,
,24,8549,3.6823790073394775,,
,24,8599,3.7035160064697266,,
,24,8649,3.5839054584503174,,
,24,8699,3.65792179107666,,
,24,8749,3.605729579925537,,
0.0007778213593991466,,8775,,,
,25,8799,3.688467264175415,,
,25,8849,3.6677873134613037,,
,25,8899,3.6641359329223633,,
,25,8949,3.53090238571167,,
,25,8999,3.5938925743103027,,
,25,9049,3.634767532348633,,
,25,9099,3.6303486824035645,,
0.000770043145805155,,9126,,,
,26,9149,3.6503958702087402,,
,26,9199,3.7825863361358643,,
,26,9249,3.661470890045166,,
,26,9299,3.5711257457733154,,
,26,9349,3.7066731452941895,,
,26,9399,3.624338150024414,,
,26,9449,3.574493408203125,,
0.0007623427143471034,,9477,,,
,27,9499,3.6728930473327637,,
,27,9549,3.7105791568756104,,
,27,9599,3.5770249366760254,,
,27,9649,3.5804882049560547,,
,27,9699,3.6490914821624756,,
,27,9749,3.735898494720459,,
,27,9799,3.7271409034729004,,
0.0007547192872036325,,9828,,,
,28,9849,3.676492214202881,,
,28,9899,3.5824222564697266,,
,28,9949,3.5949289798736572,,
,28,9999,3.6775102615356445,,
,28,10049,3.62178897857666,,
,28,10099,3.7366397380828857,,
,28,10149,3.626404047012329,,
0.0007471720943315961,,10179,,,
,29,10199,3.730374813079834,,
,29,10249,3.5415477752685547,,
,29,10299,3.6109089851379395,,
,29,10349,3.670588254928589,,
,29,10399,3.739952802658081,,
,29,10449,3.642892360687256,,
,29,10499,3.7010412216186523,,
,29,10529,,3.654853582382202,
0.0007397003733882801,,10530,,,
,30,10549,3.636502742767334,,
,30,10599,3.6801395416259766,,
,30,10649,3.688746452331543,,
,30,10699,3.539900779724121,,
,30,10749,3.691634178161621,,
,30,10799,3.5986359119415283,,
,30,10849,3.6599206924438477,,
0.0007323033696543973,,10881,,,
,31,10899,3.6735880374908447,,
,31,10949,3.627197265625,,
,31,10999,3.545565128326416,,
,31,11049,3.5436668395996094,,
,31,11099,3.749051094055176,,
,31,11149,3.695300579071045,,
,31,11199,3.590336322784424,,
0.0007249803359578533,,11232,,,
,32,11249,3.572526216506958,,
,32,11299,3.550654888153076,,
,32,11349,3.570829153060913,,
,32,11399,3.6851072311401367,,
,32,11449,3.5387868881225586,,
,32,11499,3.633425235748291,,
,32,11549,3.5858774185180664,,
0.0007177305325982747,,11583,,,
,33,11599,3.533036947250366,,
,33,11649,3.625401496887207,,
,33,11699,3.579127788543701,,
,33,11749,3.698626756668091,,
,33,11799,3.8045153617858887,,
,33,11849,3.5478384494781494,,
,33,11899,3.6587533950805664,,
0.000710553227272292,,11934,,,
,34,11949,3.5795609951019287,,
,34,11999,3.6235036849975586,,
,34,12049,3.6188549995422363,,
,34,12099,3.6240017414093018,,
,34,12149,3.6586995124816895,,
,34,12199,3.5935258865356445,,
,34,12249,3.6747326850891113,,
0.000703447694999569,,12285,,,
,35,12299,3.4894607067108154,,
,35,12349,3.4413881301879883,,
,35,12399,3.645601749420166,,
,35,12449,3.5617411136627197,,
,35,12499,3.5970358848571777,,
,35,12549,3.532923460006714,,
,35,12599,3.592498540878296,,
0.0006964132180495733,,12636,,,
,36,12649,3.5760374069213867,,
,36,12699,3.5935449600219727,,
,36,12749,3.7273569107055664,,
,36,12799,3.4996581077575684,,
,36,12849,3.5877671241760254,,
,36,12899,3.5602164268493652,,
,36,12949,3.5756568908691406,,
0.0006894490858690775,,12987,,,
,37,12999,3.576289653778076,,
,37,13049,3.5696475505828857,,
,37,13099,3.528885841369629,,
,37,13149,3.725987195968628,,
,37,13199,3.642690658569336,,
,37,13249,3.6135458946228027,,
,37,13299,3.5071654319763184,,
0.0006825545950103868,,13338,,,
,38,13349,3.623838424682617,,
,38,13399,3.5422449111938477,,
,38,13449,3.493243455886841,,
,38,13499,3.6433088779449463,,
,38,13549,3.4969732761383057,,
,38,13599,3.6924030780792236,,
,38,13649,3.483790636062622,,
0.000675729049060283,,13689,,,
,39,13699,3.6153855323791504,,
,39,13749,3.617313861846924,,
,39,13799,3.530622959136963,,
,39,13849,3.595126152038574,,
,39,13899,3.626096725463867,,
,39,13949,3.5897510051727295,,
,39,13999,3.527297019958496,,
0.0006689717585696801,,14040,,,
,40,14049,3.5410313606262207,,
,40,14099,3.6753427982330322,,
,40,14149,3.556000232696533,,
,40,14199,3.5515708923339844,,
,40,14249,3.5615906715393066,,
,40,14299,3.5516204833984375,,
,40,14349,3.544114828109741,,
0.0006622820409839833,,14391,,,
,41,14399,3.5612680912017822,,
,41,14449,3.6114516258239746,,
,41,14499,3.5440258979797363,,
,41,14549,3.608705759048462,,
,41,14599,3.611694812774658,,
,41,14649,3.6248092651367188,,
,41,14699,3.4552464485168457,,
0.0006556592205741434,,14742,,,
,42,14749,3.5428647994995117,,
,42,14799,3.5610506534576416,,
,42,14849,3.563803195953369,,
,42,14899,3.5586729049682617,,
,42,14949,3.5534892082214355,,
,42,14999,3.6384928226470947,,
,42,15049,3.583620309829712,,
0.0006491026283684019,,15093,,,
,43,15099,3.578056573867798,,
,43,15149,3.569462299346924,,
,43,15199,3.5495972633361816,,
,43,15249,3.5319814682006836,,
,43,15299,3.6368520259857178,,
,43,15349,3.533815860748291,,
,43,15399,3.563870429992676,,
0.0006426116020847179,,15444,,,
,44,15449,3.681976795196533,,
,44,15499,3.5364136695861816,,
,44,15549,3.591836929321289,,
,44,15599,3.5302176475524902,,
,44,15649,3.55802583694458,,
,44,15699,3.6108503341674805,,
,44,15749,3.5242905616760254,,
,44,15794,,3.564734697341919,
0.0006361854860638707,,15795,,,
,45,15799,3.5078883171081543,,
,45,15849,3.5954079627990723,,
,45,15899,3.566112995147705,,
,45,15949,3.7142014503479004,,
,45,15999,3.5759005546569824,,
,45,16049,3.619413375854492,,
,45,16099,3.5566210746765137,,
0.000629823631203232,,16146,,,
,46,16149,3.5292270183563232,,
,46,16199,3.4659502506256104,,
,46,16249,3.592134952545166,,
,46,16299,3.559309482574463,,
,46,16349,3.6090102195739746,,
,46,16399,3.5667951107025146,,
,46,16449,3.519214630126953,,
0.0006235253948911997,,16497,,,
,47,16499,3.565157413482666,,
,47,16549,3.5750551223754883,,
,47,16599,3.5457494258880615,,
,47,16649,3.493523120880127,,
,47,16699,3.6215686798095703,,
,47,16749,3.580821990966797,,
,47,16799,3.5302743911743164,,
0.0006172901409422877,,16848,,,
,48,16849,3.615461587905884,,
,48,16899,3.520249605178833,,
,48,16949,3.558117389678955,,
,48,16999,3.5172646045684814,,
,48,17049,3.6644153594970703,,
,48,17099,3.4883322715759277,,
,48,17149,3.568150520324707,,
0.0006111172395328649,,17199,,,
,49,17199,3.5109705924987793,,
,49,17249,3.4958157539367676,,
,49,17299,3.6901068687438965,,
,49,17349,3.620497703552246,,
,49,17399,3.5062053203582764,,
,49,17449,3.471733331680298,,
,49,17499,3.6811723709106445,,
,49,17549,3.55857515335083,,
0.0006050060671375363,,17550,,,
,50,17599,3.554140090942383,,
,50,17649,3.5424509048461914,,
,50,17699,3.527968406677246,,
,50,17749,3.5362625122070312,,
,50,17799,3.6315181255340576,,
,50,17849,3.488152503967285,,
,50,17899,3.4642889499664307,,
0.0005989560064661609,,17901,,,
,51,17949,3.5585665702819824,,
,51,17999,3.5048975944519043,,
,51,18049,3.609546184539795,,
,51,18099,3.5601894855499268,,
,51,18149,3.574798583984375,,
,51,18199,3.490138530731201,,
,51,18249,3.560426712036133,,
0.0005929664464014993,,18252,,,
,52,18299,3.4623656272888184,,
,52,18349,3.6393890380859375,,
,52,18399,3.694380760192871,,
,52,18449,3.5427989959716797,,
,52,18499,3.56050443649292,,
,52,18549,3.4195830821990967,,
,52,18599,3.525179862976074,,
0.0005870367819374844,,18603,,,
,53,18649,3.5207061767578125,,
,53,18699,3.517241954803467,,
,53,18749,3.524444580078125,,
,53,18799,3.6101694107055664,,
,53,18849,3.6082253456115723,,
,53,18899,3.486193895339966,,
,53,18949,3.5311856269836426,,
0.0005811664141181095,,18954,,,
,54,18999,3.4826741218566895,,
,54,19049,3.543243646621704,,
,54,19099,3.5806360244750977,,
,54,19149,3.541231632232666,,
,54,19199,3.48276948928833,,
,54,19249,3.443755865097046,,
,54,19299,3.4453747272491455,,
0.0005753547499769285,,19305,,,
,55,19349,3.520005464553833,,
,55,19399,3.4536972045898438,,
,55,19449,3.551110029220581,,
,55,19499,3.5286495685577393,,
,55,19549,3.503950595855713,,
,55,19599,3.4525089263916016,,
,55,19649,3.5814385414123535,,
0.0005696012024771592,,19656,,,
,56,19699,3.49191951751709,,
,56,19749,3.525540590286255,,
,56,19799,3.5432357788085938,,
,56,19849,3.412709951400757,,
,56,19899,3.5263986587524414,,
,56,19949,3.5567829608917236,,
,56,19999,3.5752573013305664,,
0.0005639051904523875,,20007,,,
,57,20049,3.605867385864258,,
,57,20099,3.4773716926574707,,
,57,20149,3.6212427616119385,,
,57,20199,3.6180028915405273,,
,57,20249,3.398303747177124,,
,57,20299,3.4841532707214355,,
,57,20349,3.5664005279541016,,
0.0005582661385478637,,20358,,,
,58,20399,3.4372639656066895,,
,58,20449,3.5317230224609375,,
,58,20499,3.449303150177002,,
,58,20549,3.523897886276245,,
,58,20599,3.5844898223876953,,
,58,20649,3.5513625144958496,,
,58,20699,3.5311059951782227,,
0.000552683477162385,,20709,,,
,59,20749,3.571345329284668,,
,59,20799,3.55705189704895,,
,59,20849,3.5497286319732666,,
,59,20899,3.4259769916534424,,
,59,20949,3.5828027725219727,,
,59,20999,3.505095958709717,,
,59,21049,3.6266727447509766,,
,59,21059,,3.5355002880096436,
0.0005471566423907612,,21060,,,
,60,21099,3.4605629444122314,,
,60,21149,3.486697196960449,,
,60,21199,3.5504300594329834,,
,60,21249,3.538238048553467,,
,60,21299,3.646118640899658,,
,60,21349,3.462144374847412,,
,60,21399,3.6109349727630615,,
0.0005416850759668536,,21411,,,
,61,21449,3.493525743484497,,
,61,21499,3.407991886138916,,
,61,21549,3.6098663806915283,,
,61,21599,3.5002899169921875,,
,61,21649,3.543351650238037,,
,61,21699,3.573167324066162,,
,61,21749,3.480377197265625,,
0.000536268225207185,,21762,,,
,62,21799,3.4808509349823,,
,62,21849,3.409299373626709,,
,62,21899,3.455989360809326,,
,62,21949,3.5255038738250732,,
,62,21999,3.534745454788208,,
,62,22049,3.5613203048706055,,
,62,22099,3.6269803047180176,,
0.0005309055429551132,,22113,,,
,63,22149,3.5163254737854004,,
,63,22199,3.410090923309326,,
,63,22249,3.381704807281494,,
,63,22299,3.5291528701782227,,
,63,22349,3.5275206565856934,,
,63,22399,3.6341137886047363,,
,63,22449,3.5218043327331543,,
0.000525596487525562,,22464,,,
,64,22499,3.483429431915283,,
,64,22549,3.459171772003174,,
,64,22599,3.547790050506592,,
,64,22649,3.440941333770752,,
,64,22699,3.600522994995117,,
,64,22749,3.5577282905578613,,
,64,22799,3.5197031497955322,,
0.0005203405226503064,,22815,,,
,65,22849,3.5057783126831055,,
,65,22899,3.5442821979522705,,
,65,22949,3.515516757965088,,
,65,22999,3.4548423290252686,,
,65,23049,3.5510997772216797,,
,65,23099,3.5788557529449463,,
,65,23149,3.51990008354187,,
0.0005151371174238034,,23166,,,
,66,23199,3.4931046962738037,,
,66,23249,3.478184461593628,,
,66,23299,3.4280505180358887,,
,66,23349,3.520275592803955,,
,66,23399,3.4965200424194336,,
,66,23449,3.4557576179504395,,
,66,23499,3.4761874675750732,,
0.0005099857462495653,,23517,,,
,67,23549,3.457003355026245,,
,67,23599,3.49772572517395,,
,67,23649,3.498786211013794,,
,67,23699,3.50771427154541,,
,67,23749,3.513157844543457,,
,67,23799,3.5196471214294434,,
,67,23849,3.5313656330108643,,
0.0005048858887870696,,23868,,,
,68,23899,3.5167226791381836,,
,68,23949,3.5775046348571777,,
,68,23999,3.5957188606262207,,
,68,24049,3.5108799934387207,,
,68,24099,3.544912576675415,,
,68,24149,3.536221981048584,,
,68,24199,3.5471689701080322,,
0.0004998370298991989,,24219,,,
,69,24249,3.55184268951416,,
,69,24299,3.569911003112793,,
,69,24349,3.5826773643493652,,
,69,24399,3.5946085453033447,,
,69,24449,3.540308952331543,,
,69,24499,3.565694570541382,,
,69,24549,3.569849967956543,,
0.000494838659600207,,24570,,,
,70,24599,3.483255624771118,,
,70,24649,3.471639394760132,,
,70,24699,3.4841511249542236,,
,70,24749,3.5287399291992188,,
,70,24799,3.4917752742767334,,
,70,24849,3.4601640701293945,,
,70,24899,3.516979455947876,,
0.0004898902730042048,,24921,,,
,71,24949,3.512911319732666,,
,71,24999,3.525587320327759,,
,71,25049,3.4719929695129395,,
,71,25099,3.5777111053466797,,
,71,25149,3.5344510078430176,,
,71,25199,3.462287664413452,,
,71,25249,3.493807315826416,,
0.0004849913702741628,,25272,,,
,72,25299,3.4808926582336426,,
,72,25349,3.387242555618286,,
,72,25399,3.525944232940674,,
,72,25449,3.525801658630371,,
,72,25499,3.472081184387207,,
,72,25549,3.3835577964782715,,
,72,25599,3.536578893661499,,
0.00048014145657142114,,25623,,,
,73,25649,3.586437225341797,,
,73,25699,3.39774227142334,,
,73,25749,3.5668017864227295,,
,73,25799,3.6412665843963623,,
,73,25849,3.4739990234375,,
,73,25899,3.529756546020508,,
,73,25949,3.5090489387512207,,
0.00047534004200570695,,25974,,,
,74,25999,3.54824161529541,,
,74,26049,3.5772690773010254,,
,74,26099,3.440321922302246,,
,74,26149,3.5745489597320557,,
,74,26199,3.5616374015808105,,
,74,26249,3.4881367683410645,,
,74,26299,3.546234607696533,,
,74,26324,,3.530954599380493,
0.0004705866415856499,,26325,,,
,75,26349,3.526101589202881,,
,75,26399,3.5071520805358887,,
,75,26449,3.4659109115600586,,
,75,26499,3.521761417388916,,
,75,26549,3.574606418609619,,
,75,26599,3.476451873779297,,
,75,26649,3.4785733222961426,,
0.0004658807751697934,,26676,,,
,76,26699,3.5083422660827637,,
,76,26749,3.4683468341827393,,
,76,26799,3.462118625640869,,
,76,26849,3.3650107383728027,,
,76,26899,3.453754425048828,,
,76,26949,3.463801383972168,,
,76,26999,3.456939935684204,,
0.00046122196741809544,,27027,,,
,77,27049,3.4789135456085205,,
,77,27099,3.492077112197876,,
,77,27149,3.533085823059082,,
,77,27199,3.511185646057129,,
,77,27249,3.3761982917785645,,
,77,27299,3.430098056793213,,
,77,27349,3.498883008956909,,
0.0004566097477439145,,27378,,,
,78,27399,3.4955244064331055,,
,78,27449,3.3795063495635986,,
,78,27499,3.504631519317627,,
,78,27549,3.576620101928711,,
,78,27599,3.522897720336914,,
,78,27649,3.5386111736297607,,
,78,27699,3.53755521774292,,
0.00045204365026647533,,27729,,,
,79,27749,3.5195274353027344,,
,79,27799,3.457340717315674,,
,79,27849,3.6071033477783203,,
,79,27899,3.4263899326324463,,
,79,27949,3.4532599449157715,,
,79,27999,3.5176734924316406,,
,79,28049,3.533860921859741,,
0.0004475232137638106,,28080,,,
,80,28099,3.4928832054138184,,
,80,28149,3.4970176219940186,,
,80,28199,3.5449275970458984,,
,80,28249,3.50420880317688,,
,80,28299,3.4576687812805176,,
,80,28349,3.497523784637451,,
,80,28399,3.538710594177246,,
0.0004430479816261725,,28431,,,
,81,28449,3.51867413520813,,
,81,28499,3.4637598991394043,,
,81,28549,3.5405659675598145,,
,81,28599,3.504091501235962,,
,81,28649,3.508052349090576,,
,81,28699,3.4776251316070557,,
,81,28749,3.526437997817993,,
0.00043861750180991077,,28782,,,
,82,28799,3.553572416305542,,
,82,28849,3.4608352184295654,,
,82,28899,3.517730236053467,,
,82,28949,3.48124098777771,,
,82,28999,3.4139394760131836,,
,82,29049,3.4824275970458984,,
,82,29099,3.4153707027435303,,
0.00043423132679181164,,29133,,,
,83,29149,3.5285916328430176,,
,83,29199,3.5237536430358887,,
,83,29249,3.4699478149414062,,
,83,29299,3.3969621658325195,,
,83,29349,3.496941089630127,,
,83,29399,3.4360849857330322,,
,83,29449,3.4871840476989746,,
0.0004298890135238935,,29484,,,
,84,29499,3.4915385246276855,,
,84,29549,3.5163073539733887,,
,84,29599,3.4999160766601562,,
,84,29649,3.5188329219818115,,
,84,29699,3.478720188140869,,
,84,29749,3.3706889152526855,,
,84,29799,3.6234798431396484,,
0.0004255901233886546,,29835,,,
,85,29849,3.4856224060058594,,
,85,29899,3.5095465183258057,,
,85,29949,3.5286855697631836,,
,85,29999,3.568528652191162,,
,85,30049,3.488633394241333,,
,85,30099,3.4116358757019043,,
,85,30149,3.445175886154175,,
0.00042133422215476804,,30186,,,
,86,30199,3.482396364212036,,
,86,30249,3.414689064025879,,
,86,30299,3.60374116897583,,
,86,30349,3.630096912384033,,
,86,30399,3.537060260772705,,
,86,30449,3.472787857055664,,
,86,30499,3.5148892402648926,,
0.00041712087993322035,,30537,,,
,87,30549,3.6394314765930176,,
,87,30599,3.482363700866699,,
,87,30649,3.4954333305358887,,
,87,30699,3.521404981613159,,
,87,30749,3.535932779312134,,
,87,30799,3.4558584690093994,,
,87,30849,3.455382823944092,,
0.0004129496711338881,,30888,,,
,88,30899,3.605970621109009,,
,88,30949,3.4899001121520996,,
,88,30999,3.4506027698516846,,
,88,31049,3.491135835647583,,
,88,31099,3.3330507278442383,,
,88,31149,3.482731819152832,,
,88,31199,3.4452977180480957,,
0.0004088201744225492,,31239,,,
,89,31249,3.507927179336548,,
,89,31299,3.5218100547790527,,
,89,31349,3.352416753768921,,
,89,31399,3.4370973110198975,,
,89,31449,3.545772075653076,,
,89,31499,3.483184814453125,,
,89,31549,3.537245273590088,,
,89,31589,,3.502765655517578,
0.0004047319726783237,,31590,,,
,90,31599,3.4579434394836426,,
,90,31649,3.5413763523101807,,
,90,31699,3.4730169773101807,,
,90,31749,3.448920965194702,,
,90,31799,3.456993341445923,,
,90,31849,3.4129977226257324,,
,90,31899,3.4837722778320312,,
0.00040068465295154044,,31941,,,
,91,31949,3.4551610946655273,,
,91,31999,3.4381909370422363,,
,91,32049,3.460920810699463,,
,91,32099,3.4999899864196777,,
,91,32149,3.5225799083709717,,
,91,32199,3.4837894439697266,,
,91,32249,3.539743423461914,,
0.00039667780642202503,,32292,,,
,92,32299,3.475914478302002,,
,92,32349,3.3920350074768066,,
,92,32399,3.475996971130371,,
,92,32449,3.51949405670166,,
,92,32499,3.545560598373413,,
,92,32549,3.4487509727478027,,
,92,32599,3.665722131729126,,
0.0003927110283578048,,32643,,,
,93,32649,3.4166107177734375,,
,93,32699,3.517101764678955,,
,93,32749,3.470430612564087,,
,93,32799,3.4678287506103516,,
,93,32849,3.4137611389160156,,
,93,32899,3.524784564971924,,
,93,32949,3.463026523590088,,
0.00038878391807422674,,32994,,,
,94,32999,3.624678134918213,,
,94,33049,3.4969825744628906,,
,94,33099,3.483097791671753,,
,94,33149,3.3972840309143066,,
,94,33199,3.392186164855957,,
,94,33249,3.533461570739746,,
,94,33299,3.421402931213379,,
0.0003848960788934845,,33345,,,
,95,33349,3.4460561275482178,,
,95,33399,3.558793783187866,,
,95,33449,3.536496639251709,,
,95,33499,3.458631992340088,,
,95,33549,3.5354599952697754,,
,95,33599,3.4958512783050537,,
,95,33649,3.4732747077941895,,
0.00038104711810454966,,33696,,,
,96,33699,3.4426791667938232,,
,96,33749,3.520306348800659,,
,96,33799,3.508208751678467,,
,96,33849,3.4449515342712402,,
,96,33899,3.4976413249969482,,
,96,33949,3.505481004714966,,
,96,33999,3.439103603363037,,
0.00037723664692350416,,34047,,,
,97,34049,3.3237502574920654,,
,97,34099,3.4566524028778076,,
,97,34149,3.549957752227783,,
,97,34199,3.576887607574463,,
,97,34249,3.5139076709747314,,
,97,34299,3.4998626708984375,,
,97,34349,3.47758150100708,,
0.00037346428045426913,,34398,,,
,98,34399,3.533292770385742,,
,98,34449,3.3846797943115234,,
,98,34499,3.471541404724121,,
,98,34549,3.468876361846924,,
,98,34599,3.5378870964050293,,
,98,34649,3.5519955158233643,,
,98,34699,3.3521969318389893,,
0.00036972963764972643,,34749,,,
,99,34749,3.444176197052002,,
,99,34799,3.56630802154541,,
,99,34849,3.3455111980438232,,
,99,34899,3.4902615547180176,,
,99,34949,3.465317726135254,,
,99,34999,3.50030779838562,,
,99,35049,3.3547849655151367,,
,99,35099,3.492208480834961,,
0.00036603234127322915,,35100,,,
,100,35149,3.45241641998291,,
,100,35199,3.4207723140716553,,
,100,35249,3.502995014190674,,
,100,35299,3.4906129837036133,,
,100,35349,3.530117988586426,,
,100,35399,3.393444061279297,,
,100,35449,3.4935200214385986,,
0.00036237201786049685,,35451,,,
,101,35499,3.41375732421875,,
,101,35549,3.467838764190674,,
,101,35599,3.5425667762756348,,
,101,35649,3.476658821105957,,
,101,35699,3.5692009925842285,,
,101,35749,3.5331597328186035,,
,101,35799,3.4488983154296875,,
0.0003587482976818919,,35802,,,
,102,35849,3.459320545196533,,
,102,35899,3.5013322830200195,,
,102,35949,3.4990439414978027,,
,102,35999,3.5425407886505127,,
,102,36049,3.516482353210449,,
,102,36099,3.4647979736328125,,
,102,36149,3.379538059234619,,
0.00035516081470507297,,36153,,,
,103,36199,3.44899582862854,,
,103,36249,3.5322625637054443,,
,103,36299,3.4859073162078857,,
,103,36349,3.4816620349884033,,
,103,36399,3.397904872894287,,
,103,36449,3.465131998062134,,
,103,36499,3.497506618499756,,
0.0003516092065580222,,36504,,,
,104,36549,3.4455723762512207,,
,104,36599,3.5227878093719482,,
,104,36649,3.397808790206909,,
,104,36699,3.41896915435791,,
,104,36749,3.4728715419769287,,
,104,36799,3.528447389602661,,
,104,36849,3.430330753326416,,
,104,36854,,3.4975171089172363,
0.000348093114492442,,36855,,,
,105,36899,3.534285306930542,,
,105,36949,3.476483106613159,,
,105,36999,3.431222438812256,,
,105,37049,3.4258689880371094,,
,105,37099,3.556053876876831,,
,105,37149,3.4603660106658936,,
,105,37199,3.54603910446167,,
0.00034461218334751756,,37206,,,
,106,37249,3.510376214981079,,
,106,37299,3.4923696517944336,,
,106,37349,3.4822609424591064,,
,106,37399,3.596127510070801,,
,106,37449,3.370680809020996,,
,106,37499,3.436737060546875,,
,106,37549,3.500990867614746,,
0.0003411660615140424,,37557,,,
,107,37599,3.456954002380371,,
,107,37649,3.385538101196289,,
,107,37699,3.3386483192443848,,
,107,37749,3.553365707397461,,
,107,37799,3.4408421516418457,,
,107,37849,3.4448118209838867,,
,107,37899,3.5063724517822266,,
0.00033775440089890197,,37908,,,
,108,37949,3.5638298988342285,,
,108,37999,3.4945170879364014,,
,108,38049,3.439695358276367,,
,108,38099,3.4712562561035156,,
,108,38149,3.4803521633148193,,
,108,38199,3.5003395080566406,,
,108,38249,3.419919490814209,,
0.000334376856889913,,38259,,,
,109,38299,3.5736820697784424,,
,109,38349,3.509997844696045,,
,109,38399,3.3886170387268066,,
,109,38449,3.4738948345184326,,
,109,38499,3.4912006855010986,,
,109,38549,3.383129596710205,,
,109,38599,3.403947114944458,,
0.00033103308832101386,,38610,,,
,110,38649,3.4567298889160156,,
,110,38699,3.4726510047912598,,
,110,38749,3.520671844482422,,
,110,38799,3.456643581390381,,
,110,38849,3.4623231887817383,,
,110,38899,3.399168014526367,,
,110,38949,3.470795154571533,,
0.00032772275743780374,,38961,,,
,111,38999,3.538094997406006,,
,111,39049,3.4749059677124023,,
,111,39099,3.4393882751464844,,
,111,39149,3.460322856903076,,
,111,39199,3.4607367515563965,,
,111,39249,3.399502754211426,,
,111,39299,3.516078472137451,,
0.0003244455298634257,,39312,,,
,112,39349,3.483738422393799,,
,112,39399,3.5164175033569336,,
,112,39449,3.575752019882202,,
,112,39499,3.4191155433654785,,
,112,39549,3.4502363204956055,,
,112,39599,3.441646099090576,,
,112,39649,3.483447551727295,,
0.0003212010745647914,,39663,,,
,113,39699,3.382833957672119,,
,113,39749,3.4601948261260986,,
,113,39799,3.4658446311950684,,
,113,39849,3.4270341396331787,,
,113,39899,3.442457437515259,,
,113,39949,3.5324392318725586,,
,113,39999,3.4498510360717773,,
0.0003179890638191435,,40014,,,
,114,40049,3.5032718181610107,,
,114,40099,3.4610743522644043,,
,114,40149,3.4054107666015625,,
,114,40199,3.4454081058502197,,
,114,40249,3.5306944847106934,,
,114,40299,3.3985626697540283,,
,114,40349,3.5379059314727783,,
0.0003148091731809521,,40365,,,
,115,40399,3.481109619140625,,
,115,40449,3.3746213912963867,,
,115,40499,3.4791741371154785,,
,115,40549,3.486529588699341,,
,115,40599,3.4855127334594727,,
,115,40649,3.458296537399292,,
,115,40699,3.5053796768188477,,
0.0003116610814491426,,40716,,,
,116,40749,3.3928565979003906,,
,116,40799,3.4851346015930176,,
,116,40849,3.5390381813049316,,
,116,40899,3.434363603591919,,
,116,40949,3.4010097980499268,,
,116,40999,3.5294480323791504,,
,116,41049,3.4851887226104736,,
0.00030854447063465116,,41067,,,
,117,41099,3.3243985176086426,,
,117,41149,3.4789323806762695,,
,117,41199,3.493438243865967,,
,117,41249,3.477883815765381,,
,117,41299,3.504455089569092,,
,117,41349,3.4504315853118896,,
,117,41399,3.436422348022461,,
0.00030545902592830465,,41418,,,
,118,41449,3.3826375007629395,,
,118,41499,3.441789150238037,,
,118,41549,3.441399097442627,,
,118,41599,3.4744253158569336,,
,118,41649,3.4437904357910156,,
,118,41699,3.435957908630371,,
,118,41749,3.4640140533447266,,
0.00030240443566902157,,41769,,,
,119,41799,3.497495651245117,,
,119,41849,3.546719551086426,,
,119,41899,3.530712604522705,,
,119,41949,3.5443239212036133,,
,119,41999,3.3614797592163086,,
,119,42049,3.400357961654663,,
,119,42099,3.4859561920166016,,
,119,42119,,3.4926891326904297,
0.00029938039131233136,,42120,,,
,120,42149,3.4168453216552734,,
,120,42199,3.5013175010681152,,
,120,42249,3.428638458251953,,
,120,42299,3.4158730506896973,,
,120,42349,3.566559314727783,,
,120,42399,3.4431631565093994,,
,120,42449,3.471212387084961,,
0.00029638658739920804,,42471,,,
,121,42499,3.4479167461395264,,
,121,42549,3.439035415649414,,
,121,42599,3.458284616470337,,
,121,42649,3.497131824493408,,
,121,42699,3.435356855392456,,
,121,42749,3.5287508964538574,,
,121,42799,3.3849754333496094,,
0.000293422721525216,,42822,,,
,122,42849,3.464801788330078,,
,122,42899,3.4173386096954346,,
,122,42949,3.4715824127197266,,
,122,42999,3.429708480834961,,
,122,43049,3.5429205894470215,,
,122,43099,3.4823532104492188,,
,122,43149,3.509639024734497,,
0.0002904884943099638,,43173,,,
,123,43199,3.5264952182769775,,
,123,43249,3.443697690963745,,
,123,43299,3.4512147903442383,,
,123,43349,3.540977716445923,,
,123,43399,3.500814437866211,,
,123,43449,3.4431099891662598,,
,123,43499,3.4189116954803467,,
0.0002875836093668642,,43524,,,
,124,43549,3.3836469650268555,,
,124,43599,3.5865061283111572,,
,124,43649,3.5633575916290283,,
,124,43699,3.5017752647399902,,
,124,43749,3.4335875511169434,,
,124,43799,3.5483622550964355,,
,124,43849,3.472982406616211,,
0.00028470777327319557,,43875,,,
,125,43899,3.4195408821105957,,
,125,43949,3.474184513092041,,
,125,43999,3.4915719032287598,,
,125,44049,3.5131287574768066,,
,125,44099,3.494875907897949,,
,125,44149,3.4679558277130127,,
,125,44199,3.470676898956299,,
0.0002818606955404636,,44226,,,
,126,44249,3.547302722930908,,
,126,44299,3.4065442085266113,,
,126,44349,3.4506094455718994,,
,126,44399,3.498443365097046,,
,126,44449,3.4138011932373047,,
,126,44499,3.490504264831543,,
,126,44549,3.418821334838867,,
0.00027904208858505896,,44577,,,
,127,44599,3.473599672317505,,
,127,44649,3.426457166671753,,
,127,44699,3.392911434173584,,
,127,44749,3.5218820571899414,,
,127,44799,3.4594602584838867,,
,127,44849,3.487758159637451,,
,127,44899,3.3896636962890625,,
0.00027625166769920835,,44928,,,
,128,44949,3.4911255836486816,,
,128,44999,3.3981127738952637,,
,128,45049,3.5063629150390625,,
,128,45099,3.423738479614258,,
,128,45149,3.3926820755004883,,
,128,45199,3.472600221633911,,
,128,45249,3.459531307220459,,
0.00027348915102221624,,45279,,,
,129,45299,3.439850330352783,,
,129,45349,3.508162021636963,,
,129,45399,3.3584659099578857,,
,129,45449,3.3984436988830566,,
,129,45499,3.3798556327819824,,
,129,45549,3.478137493133545,,
,129,45599,3.424447536468506,,
0.0002707542595119941,,45630,,,
,130,45649,3.4866278171539307,,
,130,45699,3.4335453510284424,,
,130,45749,3.492478847503662,,
,130,45799,3.449331760406494,,
,130,45849,3.4703383445739746,,
,130,45899,3.3773484230041504,,
,130,45949,3.485858678817749,,
0.00026804671691687415,,45981,,,
,131,45999,3.4466748237609863,,
,131,46049,3.434476375579834,,
,131,46099,3.4310343265533447,,
,131,46149,3.473010540008545,,
,131,46199,3.506094455718994,,
,131,46249,3.3849520683288574,,
,131,46299,3.5721471309661865,,
0.0002653662497477054,,46332,,,
,132,46349,3.509483814239502,,
,132,46399,3.531386137008667,,
,132,46449,3.3740758895874023,,
,132,46499,3.4583756923675537,,
,132,46549,3.495087146759033,,
,132,46599,3.376460313796997,,
,132,46649,3.4044227600097656,,
0.00026271258725022833,,46683,,,
,133,46699,3.443737506866455,,
,133,46749,3.49873685836792,,
,133,46799,3.477461338043213,,
,133,46849,3.457521438598633,,
,133,46899,3.4547526836395264,,
,133,46949,3.5863842964172363,,
,133,46999,3.424149513244629,,
0.000260085461377726,,47034,,,
,134,47049,3.4683055877685547,,
,134,47099,3.4520792961120605,,
,134,47149,3.4216816425323486,,
,134,47199,3.480262279510498,,
,134,47249,3.4869987964630127,,
,134,47299,3.4752044677734375,,
,134,47349,3.4015626907348633,,
,134,47384,,3.502115249633789,
0.00025748460676394875,,47385,,,
,135,47399,3.367518186569214,,
,135,47449,3.44912052154541,,
,135,47499,3.5180792808532715,,
,135,47549,3.381410837173462,,
,135,47599,3.5241174697875977,,
,135,47649,3.3790736198425293,,
,135,47699,3.4896249771118164,,
0.00025490976069630927,,47736,,,
,136,47749,3.6028642654418945,,
,136,47799,3.5471603870391846,,
,136,47849,3.4926674365997314,,
,136,47899,3.5301167964935303,,
,136,47949,3.5450313091278076,,
,136,47999,3.426314115524292,,
,136,48049,3.4242630004882812,,
0.00025236066308934616,,48087,,,
,137,48099,3.5741848945617676,,
,137,48149,3.4275829792022705,,
,137,48199,3.361673593521118,,
,137,48249,3.5498971939086914,,
,137,48299,3.4761977195739746,,
,137,48349,3.348587989807129,,
,137,48399,3.4999752044677734,,
0.0002498370564584527,,48438,,,
,138,48449,3.4001407623291016,,
,138,48499,3.374846935272217,,
,138,48549,3.474212169647217,,
,138,48599,3.4963622093200684,,
,138,48649,3.4858603477478027,,
,138,48699,3.510417938232422,,
,138,48749,3.492194890975952,,
0.0002473386858938682,,48789,,,
,139,48799,3.4791297912597656,,
,139,48849,3.567516326904297,,
,139,48899,3.3131422996520996,,
,139,48949,3.52821683883667,,
,139,48999,3.4871251583099365,,
,139,49049,3.4548330307006836,,
,139,49099,3.4673099517822266,,
0.0002448652990349295,,49140,,,
,140,49149,3.370365619659424,,
,140,49199,3.516068935394287,,
,140,49249,3.4706242084503174,,
,140,49299,3.4160897731781006,,
,140,49349,3.5046048164367676,,
,140,49399,3.4437880516052246,,
,140,49449,3.474944591522217,,
0.0002424166460445802,,49491,,,
,141,49499,3.424583673477173,,
,141,49549,3.4602222442626953,,
,141,49599,3.4897754192352295,,
,141,49649,3.4365556240081787,,
,141,49699,3.465029716491699,,
,141,49749,3.478555202484131,,
,141,49799,3.455287456512451,,
0.0002399924795841344,,49842,,,
,142,49849,3.6000490188598633,,
,142,49899,3.332495927810669,,
,142,49949,3.4114694595336914,,
,142,49999,3.3815062046051025,,
,142,50049,3.3930745124816895,,
,142,50099,3.4304380416870117,,
,142,50149,3.32133150100708,,
0.00023759255478829306,,50193,,,
,143,50199,3.421449661254883,,
,143,50249,3.5283164978027344,,
,143,50299,3.4805264472961426,,
,143,50349,3.4631845951080322,,
,143,50399,3.438650608062744,,
,143,50449,3.517080783843994,,
,143,50499,3.478020429611206,,
0.00023521662924041014,,50544,,,
,144,50549,3.450376033782959,,
,144,50599,3.5086541175842285,,
,144,50649,3.4701504707336426,,
,144,50699,3.323963165283203,,
,144,50749,3.3539254665374756,,
,144,50799,3.473886251449585,,
,144,50849,3.350318431854248,,
0.00023286446294800602,,50895,,,
,145,50899,3.5480146408081055,,
,145,50949,3.4245104789733887,,
,145,50999,3.443613052368164,,
,145,51049,3.412322998046875,,
,145,51099,3.4166903495788574,,
,145,51149,3.225411891937256,,
,145,51199,3.449951648712158,,
0.00023053581831852595,,51246,,,
,146,51249,3.426558494567871,,
,146,51299,3.54431414604187,,
,146,51349,3.5267863273620605,,
,146,51399,3.4073832035064697,,
,146,51449,3.4640626907348633,,
,146,51499,3.5857293605804443,,
,146,51549,3.4941670894622803,,
0.0002282304601353407,,51597,,,
,147,51599,3.4507088661193848,,
,147,51649,3.423171043395996,,
,147,51699,3.4338388442993164,,
,147,51749,3.5093917846679688,,
,147,51799,3.4417994022369385,,
,147,51849,3.482518196105957,,
,147,51899,3.514430522918701,,
0.00022594815553398729,,51948,,,
,148,51949,3.420600652694702,,
,148,51999,3.4793825149536133,,
,148,52049,3.462629795074463,,
,148,52099,3.3945565223693848,,
,148,52149,3.405475616455078,,
,148,52199,3.4912729263305664,,
,148,52249,3.3824687004089355,,
0.0002236886739786474,,52299,,,
,149,52299,3.390183925628662,,
,149,52349,3.4047188758850098,,
,149,52399,3.5045254230499268,,
,149,52449,3.4817466735839844,,
,149,52499,3.4398739337921143,,
,149,52549,3.466454267501831,,
,149,52599,3.3675737380981445,,
,149,52649,3.4635567665100098,,
,149,52649,,3.469238758087158,
0.00022145178723886094,,52650,,,
,150,52699,3.4209237098693848,,
,150,52749,3.4453797340393066,,
,150,52799,3.4617724418640137,,
,150,52849,3.444744825363159,,
,150,52899,3.47434663772583,,
,150,52949,3.4872865676879883,,
,150,52999,3.3958075046539307,,
0.00021923726936647233,,53001,,,
,151,53049,3.5382189750671387,,
,151,53099,3.4134669303894043,,
,151,53149,3.4110121726989746,,
,151,53199,3.3999881744384766,,
,151,53249,3.4291114807128906,,
,151,53299,3.4261481761932373,,
,151,53349,3.4736709594726562,,
0.0002170448966728076,,53352,,,
,152,53399,3.4837725162506104,,
,152,53449,3.4571142196655273,,
,152,53499,3.4173455238342285,,
,152,53549,3.437765598297119,,
,152,53599,3.435572624206543,,
,152,53649,3.390223741531372,,
,152,53699,3.3664088249206543,,
0.00021487444770607953,,53703,,,
,153,53749,3.3696506023406982,,
,153,53799,3.45811128616333,,
,153,53849,3.453031063079834,,
,153,53899,3.4807541370391846,,
,153,53949,3.4601385593414307,,
,153,53999,3.441298007965088,,
,153,54049,3.4632973670959473,,
0.00021272570322901873,,54054,,,
,154,54099,3.445035934448242,,
,154,54149,3.3955202102661133,,
,154,54199,3.5158419609069824,,
,154,54249,3.512509822845459,,
,154,54299,3.594087600708008,,
,154,54349,3.507869243621826,,
,154,54399,3.4605636596679688,,
0.00021059844619672854,,54405,,,
,155,54449,3.4002461433410645,,
,155,54499,3.462890148162842,,
,155,54549,3.468292236328125,,
,155,54599,3.4439187049865723,,
,155,54649,3.523672580718994,,
,155,54699,3.547513246536255,,
,155,54749,3.335402488708496,,
0.00020849246173476125,,54756,,,
,156,54799,3.469975471496582,,
,156,54849,3.4653940200805664,,
,156,54899,3.4764304161071777,,
,156,54949,3.418959140777588,,
,156,54999,3.4619252681732178,,
,156,55049,3.462824821472168,,
,156,55099,3.4968881607055664,,
0.00020640753711741362,,55107,,,
,157,55149,3.4487202167510986,,
,157,55199,3.421142578125,,
,157,55249,3.3245832920074463,,
,157,55299,3.456490993499756,,
,157,55349,3.3800034523010254,,
,157,55399,3.5117268562316895,,
,157,55449,3.49298095703125,,
0.00020434346174623948,,55458,,,
,158,55499,3.381415367126465,,
,158,55549,3.469944953918457,,
,158,55599,3.4678258895874023,,
,158,55649,3.388141632080078,,
,158,55699,3.431879997253418,,
,158,55749,3.413630247116089,,
,158,55799,3.365323543548584,,
0.00020230002712877707,,55809,,,
,159,55849,3.3925108909606934,,
,159,55899,3.368457078933716,,
,159,55949,3.4376614093780518,,
,159,55999,3.5006165504455566,,
,159,56049,3.3880717754364014,,
,159,56099,3.36258864402771,,
,159,56149,3.565706729888916,,
0.0002002770268574893,,56160,,,
,160,56199,3.3718743324279785,,
,160,56249,3.3857884407043457,,
,160,56299,3.4658102989196777,,
,160,56349,3.3443217277526855,,
,160,56399,3.4415433406829834,,
,160,56449,3.431439161300659,,
,160,56499,3.3830761909484863,,
0.00019827425658891441,,56511,,,
,161,56549,3.4303016662597656,,
,161,56599,3.491034507751465,,
,161,56649,3.42688250541687,,
,161,56699,3.439173698425293,,
,161,56749,3.453331470489502,,
,161,56799,3.4728121757507324,,
,161,56849,3.5561845302581787,,
0.00019629151402302526,,56862,,,
,162,56899,3.4193148612976074,,
,162,56949,3.4489083290100098,,
,162,56999,3.381187677383423,,
,162,57049,3.476444721221924,,
,162,57099,3.4201226234436035,,
,162,57149,3.400582790374756,,
,162,57199,3.3696227073669434,,
0.000194328598882795,,57213,,,
,163,57249,3.333918333053589,,
,163,57299,3.504481792449951,,
,163,57349,3.403606653213501,,
,163,57399,3.4251351356506348,,
,163,57449,3.445291519165039,,
,163,57499,3.4317092895507812,,
,163,57549,3.4975152015686035,,
0.00019238531289396705,,57564,,,
,164,57599,3.550931930541992,,
,164,57649,3.5214226245880127,,
,164,57699,3.4094491004943848,,
,164,57749,3.4686834812164307,,
,164,57799,3.4437921047210693,,
,164,57849,3.426835298538208,,
,164,57899,3.4631996154785156,,
,164,57914,,3.474510431289673,
0.00019046145976502738,,57915,,,
,165,57949,3.447542667388916,,
,165,57999,3.3423056602478027,,
,165,58049,3.46343994140625,,
,165,58099,3.530078411102295,,
,165,58149,3.411210775375366,,
,165,58199,3.4189977645874023,,
,165,58249,3.4227256774902344,,
0.0001885568451673771,,58266,,,
,166,58299,3.445802688598633,,
,166,58349,3.44435977935791,,
,166,58399,3.3992810249328613,,
,166,58449,3.456190347671509,,
,166,58499,3.4790782928466797,,
,166,58549,3.4228649139404297,,
,166,58599,3.4380404949188232,,
0.00018667127671570332,,58617,,,
,167,58649,3.516537666320801,,
,167,58699,3.4960460662841797,,
,167,58749,3.4318687915802,,
,167,58799,3.3412704467773438,,
,167,58849,3.588364601135254,,
,167,58899,3.4401731491088867,,
,167,58949,3.424109935760498,,
0.00018480456394854628,,58968,,,
,168,58999,3.4873926639556885,,
,168,59049,3.4208085536956787,,
,168,59099,3.413423538208008,,
,168,59149,3.428287982940674,,
,168,59199,3.484330654144287,,
,168,59249,3.3553833961486816,,
,168,59299,3.3733980655670166,,
0.0001829565183090608,,59319,,,
,169,59349,3.4700756072998047,,
,169,59399,3.344024419784546,,
,169,59449,3.5022220611572266,,
,169,59499,3.369290828704834,,
,169,59549,3.503554344177246,,
,169,59599,3.3881847858428955,,
,169,59649,3.470147132873535,,
0.0001811269531259702,,59670,,,
,170,59699,3.4405219554901123,,
,170,59749,3.47249174118042,,
,170,59799,3.5225605964660645,,
,170,59849,3.4282188415527344,,
,170,59899,3.49033522605896,,
,170,59949,3.386747360229492,,
,170,59999,3.412743091583252,,
0.0001793156835947105,,60021,,,
,171,60049,3.3796534538269043,,
,171,60099,3.460501194000244,,
,171,60149,3.443063735961914,,
,171,60199,3.5233922004699707,,
,171,60249,3.4641950130462646,,
,171,60299,3.459317207336426,,
,171,60349,3.462373733520508,,
0.0001775225267587634,,60372,,,
,172,60399,3.3350939750671387,,
,172,60449,3.535125255584717,,
,172,60499,3.444121837615967,,
,172,60549,3.5419704914093018,,
,172,60599,3.4664053916931152,,
,172,60649,3.389495372772217,,
,172,60699,3.4620609283447266,,
0.00017574730149117577,,60723,,,
,173,60749,3.3278069496154785,,
,173,60799,3.4118642807006836,,
,173,60849,3.431398391723633,,
,173,60899,3.553542137145996,,
,173,60949,3.38124418258667,,
,173,60999,3.515547275543213,,
,173,61049,3.432692289352417,,
0.000173989828476264,,61074,,,
,174,61099,3.3453516960144043,,
,174,61149,3.4820642471313477,,
,174,61199,3.5089495182037354,,
,174,61249,3.4937710762023926,,
,174,61299,3.434796094894409,,
,174,61349,3.381683826446533,,
,174,61399,3.3544344902038574,,
0.00017224993019150138,,61425,,,
,175,61449,3.5678210258483887,,
,175,61499,3.458787441253662,,
,175,61549,3.4410204887390137,,
,175,61599,3.473361015319824,,
,175,61649,3.5424723625183105,,
,175,61699,3.439239025115967,,
,175,61749,3.4019131660461426,,
0.00017052743088958637,,61776,,,
,176,61799,3.4112401008605957,,
,176,61849,3.469188690185547,,
,176,61899,3.4248180389404297,,
,176,61949,3.3854312896728516,,
,176,61999,3.517526626586914,,
,176,62049,3.3367350101470947,,
,176,62099,3.409261703491211,,
0.0001688221565806905,,62127,,,
,177,62149,3.502253532409668,,
,177,62199,3.468513250350952,,
,177,62249,3.4621798992156982,,
,177,62299,3.496781349182129,,
,177,62349,3.515096426010132,,
,177,62399,3.5457704067230225,,
,177,62449,3.501978874206543,,
0.0001671339350148836,,62478,,,
,178,62499,3.493697166442871,,
,178,62549,3.457885980606079,,
,178,62599,3.4039485454559326,,
,178,62649,3.3242692947387695,,
,178,62699,3.4503893852233887,,
,178,62749,3.4822964668273926,,
,178,62799,3.417283058166504,,
0.00016546259566473478,,62829,,,
,179,62849,3.351921558380127,,
,179,62899,3.383838653564453,,
,179,62949,3.462653160095215,,
,179,62999,3.4501566886901855,,
,179,63049,3.3389713764190674,,
,179,63099,3.402294397354126,,
,179,63149,3.467628002166748,,
,179,63179,,3.461466073989868,
0.00016380796970808743,,63180,,,
,180,63199,3.541769027709961,,
,180,63249,3.487154483795166,,
,180,63299,3.4926443099975586,,
,180,63349,3.4435384273529053,,
,180,63399,3.40811824798584,,
,180,63449,3.3824987411499023,,
,180,63499,3.5041370391845703,,
0.00016216989001100656,,63531,,,
,181,63549,3.506577253341675,,
,181,63599,3.4351117610931396,,
,181,63649,3.548731565475464,,
,181,63699,3.3517532348632812,,
,181,63749,3.425429344177246,,
,181,63799,3.500251293182373,,
,181,63849,3.475738286972046,,
0.0001605481911108965,,63882,,,
,182,63899,3.3216309547424316,,
,182,63949,3.332925796508789,,
,182,63999,3.5082290172576904,,
,182,64049,3.4192562103271484,,
,182,64099,3.4152536392211914,,
,182,64149,3.393246650695801,,
,182,64199,3.4391837120056152,,
0.00015894270919978754,,64233,,,
,183,64249,3.4005510807037354,,
,183,64299,3.4099841117858887,,
,183,64349,3.4579973220825195,,
,183,64399,3.351480007171631,,
,183,64449,3.440330743789673,,
,183,64499,3.4431326389312744,,
,183,64549,3.4319658279418945,,
0.00015735328210778968,,64584,,,
,184,64599,3.44437837600708,,
,184,64649,3.5072710514068604,,
,184,64699,3.3970236778259277,,
,184,64749,3.336444854736328,,
,184,64799,3.402751922607422,,
,184,64849,3.4947099685668945,,
,184,64899,3.450533151626587,,
0.0001557797492867118,,64935,,,
,185,64949,3.536740303039551,,
,185,64999,3.4317193031311035,,
,185,65049,3.413635492324829,,
,185,65099,3.494743585586548,,
,185,65149,3.43314266204834,,
,185,65199,3.508148193359375,,
,185,65249,3.4467601776123047,,
0.00015422195179384468,,65286,,,
,186,65299,3.4446353912353516,,
,186,65349,3.410341262817383,,
,186,65399,3.4696452617645264,,
,186,65449,3.4066710472106934,,
,186,65499,3.4613778591156006,,
,186,65549,3.432072401046753,,
,186,65599,3.3184385299682617,,
0.00015267973227590622,,65637,,,
,187,65649,3.4538722038269043,,
,187,65699,3.4503769874572754,,
,187,65749,3.454892873764038,,
,187,65799,3.472247362136841,,
,187,65849,3.507822036743164,,
,187,65899,3.4896504878997803,,
,187,65949,3.5106770992279053,,
0.00015115293495314715,,65988,,,
,188,65999,3.3729004859924316,,
,188,66049,3.3742218017578125,,
,188,66099,3.4400763511657715,,
,188,66149,3.4114060401916504,,
,188,66199,3.3648295402526855,,
,188,66249,3.513181209564209,,
,188,66299,3.445396900177002,,
0.0001496414056036157,,66339,,,
,189,66349,3.3907694816589355,,
,189,66399,3.454249620437622,,
,189,66449,3.431936740875244,,
,189,66499,3.4169132709503174,,
,189,66549,3.4232873916625977,,
,189,66599,3.4225564002990723,,
,189,66649,3.509310245513916,,
0.00014814499154757954,,66690,,,
,190,66699,3.3905537128448486,,
,190,66749,3.497927665710449,,
,190,66799,3.464020013809204,,
,190,66849,3.4093613624572754,,
,190,66899,3.499866008758545,,
,190,66949,3.381993293762207,,
,190,66999,3.3920693397521973,,
0.00014666354163210375,,67041,,,
,191,67049,3.384413957595825,,
,191,67099,3.457279920578003,,
,191,67149,3.3933305740356445,,
,191,67199,3.4937210083007812,,
,191,67249,3.4263434410095215,,
,191,67299,3.425461530685425,,
,191,67349,3.389052391052246,,
0.00014519690621578272,,67392,,,
,192,67399,3.3424370288848877,,
,192,67449,3.4148879051208496,,
,192,67499,3.359175205230713,,
,192,67549,3.444673538208008,,
,192,67599,3.544743061065674,,
,192,67649,3.342679500579834,,
,192,67699,3.395648956298828,,
0.0001437449371536249,,67743,,,
,193,67749,3.4679222106933594,,
,193,67799,3.3504369258880615,,
,193,67849,3.4549031257629395,,
,193,67899,3.3805699348449707,,
,193,67949,3.481529712677002,,
,193,67999,3.3734054565429688,,
,193,68049,3.4700350761413574,,
0.00014230748778208864,,68094,,,
,194,68099,3.443166732788086,,
,194,68149,3.4629812240600586,,
,194,68199,3.4399518966674805,,
,194,68249,3.408785820007324,,
,194,68299,3.4854736328125,,
,194,68349,3.4648661613464355,,
,194,68399,3.409893274307251,,
,194,68444,,3.459672689437866,
0.00014088441290426774,,68445,,,
,195,68449,3.446958065032959,,
,195,68499,3.4693470001220703,,
,195,68549,3.5176663398742676,,
,195,68599,3.448976516723633,,
,195,68649,3.3800954818725586,,
,195,68699,3.4902191162109375,,
,195,68749,3.4577274322509766,,
0.00013947556877522507,,68796,,,
,196,68799,3.5340466499328613,,
,196,68849,3.395373821258545,,
,196,68899,3.395385980606079,,
,196,68949,3.4419589042663574,,
,196,68999,3.414154291152954,,
,196,69049,3.478327512741089,,
,196,69099,3.5359928607940674,,
0.00013808081308747282,,69147,,,
,197,69149,3.349220037460327,,
,197,69199,3.5274014472961426,,
,197,69249,3.325352668762207,,
,197,69299,3.3832435607910156,,
,197,69349,3.3340158462524414,,
,197,69399,3.4680278301239014,,
,197,69449,3.383481979370117,,
0.00013670000495659808,,69498,,,
,198,69499,3.5041303634643555,,
,198,69549,3.4936470985412598,,
,198,69599,3.451805353164673,,
,198,69649,3.435431480407715,,
,198,69699,3.432750701904297,,
,198,69749,3.4311580657958984,,
,198,69799,3.3151400089263916,,
0.0001353330049070321,,69849,,,
,199,69849,3.3303542137145996,,
,199,69899,3.4667983055114746,,
,199,69949,3.305518627166748,,
,199,69999,3.4587178230285645,,
,199,70049,3.446474075317383,,
,199,70099,3.4460108280181885,,
,199,70149,3.408599853515625,,
,199,70199,3.526005268096924,,
0.00013397967485796178,,70200,,,
,200,70249,3.550110340118408,,
,200,70299,3.484065294265747,,
,200,70349,3.3408031463623047,,
,200,70399,3.4357223510742188,,
,200,70449,3.360198736190796,,
,200,70499,3.378304958343506,,
,200,70549,3.4663825035095215,,
0.00013263987810938215,,70551,,,
,201,70599,3.400817394256592,,
,201,70649,3.4911303520202637,,
,201,70699,3.4636669158935547,,
,201,70749,3.43703031539917,,
,201,70799,3.4703526496887207,,
,201,70849,3.466538190841675,,
,201,70899,3.369661331176758,,
0.00013131347932828833,,70902,,,
,202,70949,3.4728755950927734,,
,202,70999,3.4402480125427246,,
,202,71049,3.4768590927124023,,
,202,71099,3.4650015830993652,,
,202,71149,3.3502912521362305,,
,202,71199,3.460623264312744,,
,202,71249,3.451418399810791,,
0.00013000034453500544,,71253,,,
,203,71299,3.457554817199707,,
,203,71349,3.5362586975097656,,
,203,71399,3.4652113914489746,,
,203,71449,3.424858808517456,,
,203,71499,3.3778703212738037,,
,203,71549,3.357357978820801,,
,203,71599,3.435067653656006,,
0.0001287003410896554,,71604,,,
,204,71649,3.4058265686035156,,
,204,71699,3.4263086318969727,,
,204,71749,3.3434972763061523,,
,204,71799,3.40748929977417,,
,204,71849,3.36875581741333,,
,204,71899,3.4981045722961426,,
,204,71949,3.411654472351074,,
0.00012741333767875884,,71955,,,
,205,71999,3.528339385986328,,
,205,72049,3.378289222717285,,
,205,72099,3.4564313888549805,,
,205,72149,3.4779281616210938,,
,205,72199,3.508352756500244,,
,205,72249,3.3653621673583984,,
,205,72299,3.2763280868530273,,
0.00012613920430197125,,72306,,,
,206,72349,3.401595115661621,,
,206,72399,3.3902883529663086,,
,206,72449,3.462329864501953,,
,206,72499,3.512927293777466,,
,206,72549,3.43108868598938,,
,206,72599,3.4690699577331543,,
,206,72649,3.492593765258789,,
0.00012487781225895152,,72657,,,
,207,72699,3.4558138847351074,,
,207,72749,3.4190402030944824,,
,207,72799,3.4488232135772705,,
,207,72849,3.4374051094055176,,
,207,72899,3.390850305557251,,
,207,72949,3.3717994689941406,,
,207,72999,3.420835018157959,,
0.000123629034136362,,73008,,,
,208,73049,3.3015825748443604,,
,208,73099,3.4429831504821777,,
,208,73149,3.4795713424682617,,
,208,73199,3.368842124938965,,
,208,73249,3.366135597229004,,
,208,73299,3.3635973930358887,,
,208,73349,3.489746332168579,,
0.0001223927437949984,,73359,,,
,209,73399,3.3823931217193604,,
,209,73449,3.3321828842163086,,
,209,73499,3.3240036964416504,,
,209,73549,3.4680371284484863,,
,209,73599,3.467841625213623,,
,209,73649,3.5067882537841797,,
,209,73699,3.3707115650177,,
,209,73709,,3.458664894104004,
0.0001211688163570484,,73710,,,
,210,73749,3.4097135066986084,,
,210,73799,3.46785044670105,,
,210,73849,3.4117000102996826,,
,210,73899,3.3243441581726074,,
,210,73949,3.366925001144409,,
,210,73999,3.4294655323028564,,
,210,74049,3.365959644317627,,
0.00011995712819347792,,74061,,,
,211,74099,3.3673882484436035,,
,211,74149,3.464515209197998,,
,211,74199,3.4549036026000977,,
,211,74249,3.43257999420166,,
,211,74299,3.3649964332580566,,
,211,74349,3.462932586669922,,
,211,74399,3.4368252754211426,,
0.00011875755691154314,,74412,,,
,212,74449,3.4448258876800537,,
,212,74499,3.3822407722473145,,
,212,74549,3.5235490798950195,,
,212,74599,3.412442207336426,,
,212,74649,3.395467519760132,,
,212,74699,3.439218521118164,,
,212,74749,3.3084092140197754,,
0.00011756998134242771,,74763,,,
,213,74799,3.4389214515686035,,
,213,74849,3.4577035903930664,,
,213,74899,3.483369827270508,,
,213,74949,3.3866376876831055,,
,213,74999,3.407660961151123,,
,213,75049,3.485654830932617,,
,213,75099,3.3871989250183105,,
0.00011639428152900344,,75114,,,
,214,75149,3.4554271697998047,,
,214,75199,3.498891592025757,,
,214,75249,3.41115665435791,,
,214,75299,3.439164638519287,,
,214,75349,3.4547829627990723,,
,214,75399,3.4589881896972656,,
,214,75449,3.4397268295288086,,
0.0001152303387137134,,75465,,,
,215,75499,3.4844603538513184,,
,215,75549,3.360255479812622,,
,215,75599,3.432429075241089,,
,215,75649,3.3814706802368164,,
,215,75699,3.481752395629883,,
,215,75749,3.38291335105896,,
,215,75799,3.432035446166992,,
0.00011407803532657626,,75816,,,
,216,75849,3.4735984802246094,,
,216,75899,3.35319185256958,,
,216,75949,3.4853343963623047,,
,216,75999,3.4415693283081055,,
,216,76049,3.398139476776123,,
,216,76099,3.457606792449951,,
,216,76149,3.4631919860839844,,
0.0001129372549733105,,76167,,,
,217,76199,3.471235752105713,,
,217,76249,3.3710336685180664,,
,217,76299,3.400175094604492,,
,217,76349,3.461569309234619,,
,217,76399,3.3774561882019043,,
,217,76449,3.4227566719055176,,
,217,76499,3.418487787246704,,
0.00011180788242357739,,76518,,,
,218,76549,3.420238494873047,,
,218,76599,3.4592537879943848,,
,218,76649,3.4304909706115723,,
,218,76699,3.4550275802612305,,
,218,76749,3.437206745147705,,
,218,76799,3.4560399055480957,,
,218,76849,3.4867472648620605,,
0.00011068980359934161,,76869,,,
,219,76899,3.40639591217041,,
,219,76949,3.4505615234375,,
,219,76999,3.4079737663269043,,
,219,77049,3.3991174697875977,,
,219,77099,3.505460739135742,,
,219,77149,3.3967576026916504,,
,219,77199,3.4320688247680664,,
0.0001095829055633482,,77220,,,
,220,77249,3.435041904449463,,
,220,77299,3.498676061630249,,
,220,77349,3.3684186935424805,,
,220,77399,3.411862850189209,,
,220,77449,3.5407662391662598,,
,220,77499,3.467852830886841,,
,220,77549,3.4052796363830566,,
0.00010848707650771471,,77571,,,
,221,77599,3.499013900756836,,
,221,77649,3.50709867477417,,
,221,77699,3.4051942825317383,,
,221,77749,3.3897602558135986,,
,221,77799,3.3668456077575684,,
,221,77849,3.34132719039917,,
,221,77899,3.4003491401672363,,
0.00010740220574263755,,77922,,,
,222,77949,3.4415621757507324,,
,222,77999,3.366997718811035,,
,222,78049,3.5437545776367188,,
,222,78099,3.4244041442871094,,
,222,78149,3.4167227745056152,,
,222,78199,3.4814677238464355,,
,222,78249,3.5001747608184814,,
0.00010632818368521118,,78273,,,
,223,78299,3.4415183067321777,,
,223,78349,3.3771238327026367,,
,223,78399,3.464392900466919,,
,223,78449,3.3757429122924805,,
,223,78499,3.4437780380249023,,
,223,78549,3.4084060192108154,,
,223,78599,3.4429068565368652,,
0.00010526490184835907,,78624,,,
,224,78649,3.397228240966797,,
,224,78699,3.4240732192993164,,
,224,78749,3.386329174041748,,
,224,78799,3.392798662185669,,
,224,78849,3.4725146293640137,,
,224,78899,3.2824313640594482,,
,224,78949,3.4595847129821777,,
,224,78974,,3.452558994293213,
0.00010421225282987548,,78975,,,
,225,78999,3.4481279850006104,,
,225,79049,3.474715232849121,,
,225,79099,3.3701701164245605,,
,225,79149,3.4796714782714844,,
,225,79199,3.392240047454834,,
,225,79249,3.541147232055664,,
,225,79299,3.4211502075195312,,
0.00010317013030157673,,79326,,,
,226,79349,3.3335812091827393,,
,226,79399,3.349123477935791,,
,226,79449,3.4838876724243164,,
,226,79499,3.3537228107452393,,
,226,79549,3.411675214767456,,
,226,79599,3.4845495223999023,,
,226,79649,3.4594249725341797,,
0.00010213842899856096,,79677,,,
,227,79699,3.5086629390716553,,
,227,79749,3.3665971755981445,,
,227,79799,3.4951400756835938,,
,227,79849,3.4849607944488525,,
,227,79899,3.5052027702331543,,
,227,79949,3.453660488128662,,
,227,79999,3.4748637676239014,,
0.00010111704470857536,,80028,,,
,228,80049,3.4468512535095215,,
,228,80099,3.475553512573242,,
,228,80149,3.423434257507324,,
,228,80199,3.4592013359069824,,
,228,80249,3.4292373657226562,,
,228,80299,3.387101173400879,,
,228,80349,3.4499759674072266,,
0.0001001058742614896,,80379,,,
,229,80399,3.44035005569458,,
,229,80449,3.37579607963562,,
,229,80499,3.436767578125,,
,229,80549,3.451137065887451,,
,229,80599,3.4179563522338867,,
,229,80649,3.377573013305664,,
,229,80699,3.4846339225769043,,
9.91048155188747e-05,,80730,,,
,230,80749,3.3864805698394775,,
,230,80799,3.4575438499450684,,
,230,80849,3.4647796154022217,,
,230,80899,3.4374637603759766,,
,230,80949,3.4417200088500977,,
,230,80999,3.3351335525512695,,
,230,81049,3.373980760574341,,
9.811376736368595e-05,,81081,,,
,231,81099,3.4195706844329834,,
,231,81149,3.4600186347961426,,
,231,81199,3.3642354011535645,,
,231,81249,3.448378562927246,,
,231,81299,3.449310779571533,,
,231,81349,3.4525012969970703,,
,231,81399,3.4229118824005127,,
9.713262969004909e-05,,81432,,,
,232,81449,3.3153977394104004,,
,232,81499,3.350179433822632,,
,232,81549,3.3794355392456055,,
,232,81599,3.360623359680176,,
,232,81649,3.3447272777557373,,
,232,81699,3.445889711380005,,
,232,81749,3.4004034996032715,,
9.616130339314859e-05,,81783,,,
,233,81799,3.462338447570801,,
,233,81849,3.4774718284606934,,
,233,81899,3.379685401916504,,
,233,81949,3.4765093326568604,,
,233,81999,3.4051907062530518,,
,233,82049,3.4641218185424805,,
,233,82099,3.3638336658477783,,
9.519969035921711e-05,,82134,,,
,234,82149,3.3836448192596436,,
,234,82199,3.4544146060943604,,
,234,82249,3.3078818321228027,,
,234,82299,3.3826136589050293,,
,234,82349,3.3226590156555176,,
,234,82399,3.471902370452881,,
,234,82449,3.442891836166382,,
9.424769345562493e-05,,82485,,,
,235,82499,3.4625399112701416,,
,235,82549,3.4771857261657715,,
,235,82599,3.42681884765625,,
,235,82649,3.414138078689575,,
,235,82699,3.316018581390381,,
,235,82749,3.4339470863342285,,
,235,82799,3.4393258094787598,,
9.330521652106868e-05,,82836,,,
,236,82849,3.388486862182617,,
,236,82899,3.4398958683013916,,
,236,82949,3.403602123260498,,
,236,82999,3.452578067779541,,
,236,83049,3.410365104675293,,
,236,83099,3.3710856437683105,,
,236,83149,3.426673412322998,,
9.2372164355858e-05,,83187,,,
,237,83199,3.46138334274292,,
,237,83249,3.478438377380371,,
,237,83299,3.382025718688965,,
,237,83349,3.412776231765747,,
,237,83399,3.4285123348236084,,
,237,83449,3.42282772064209,,
,237,83499,3.4714183807373047,,
9.144844271229942e-05,,83538,,,
,238,83549,3.3945460319519043,,
,238,83599,3.3957276344299316,,
,238,83649,3.412456512451172,,
,238,83699,3.328037738800049,,
,238,83749,3.4777212142944336,,
,238,83799,3.498910903930664,,
,238,83849,3.443086862564087,,
9.053395828517643e-05,,83889,,,
,239,83899,3.4353456497192383,,
,239,83949,3.4566738605499268,,
,239,83999,3.4637789726257324,,
,239,84049,3.4599711894989014,,
,239,84099,3.4617738723754883,,
,239,84149,3.405388593673706,,
,239,84199,3.377352237701416,,
,239,84239,,3.4556148052215576,
8.962861870232466e-05,,84240,,,
,240,84249,3.4034583568573,,
,240,84299,3.435162305831909,,
,240,84349,3.447517156600952,,
,240,84399,3.5066628456115723,,
,240,84449,3.5261707305908203,,
,240,84499,3.424259662628174,,
,240,84549,3.5443499088287354,,
8.873233251530142e-05,,84591,,,
,241,84599,3.4147965908050537,,
,241,84649,3.458526611328125,,
,241,84699,3.3749489784240723,,
,241,84749,3.5402419567108154,,
,241,84799,3.3739242553710938,,
,241,84849,3.4468624591827393,,
,241,84899,3.4489917755126953,,
8.78450091901484e-05,,84942,,,
,242,84949,3.5079660415649414,,
,242,84999,3.4976162910461426,,
,242,85049,3.5554842948913574,,
,242,85099,3.4239282608032227,,
,242,85149,3.3350868225097656,,
,242,85199,3.40781831741333,,
,242,85249,3.348487138748169,,
8.696655909824691e-05,,85293,,,
,243,85299,3.459805488586426,,
,243,85349,3.454878807067871,,
,243,85399,3.4462456703186035,,
,243,85449,3.4469995498657227,,
,243,85499,3.488952159881592,,
,243,85549,3.359548568725586,,
,243,85599,3.3214430809020996,,
8.609689350726444e-05,,85644,,,
,244,85649,3.380307674407959,,
,244,85699,3.3509721755981445,,
,244,85749,3.4382386207580566,,
,244,85799,3.4570045471191406,,
,244,85849,3.427597999572754,,
,244,85899,3.409935235977173,,
,244,85949,3.457977294921875,,
8.52359245721918e-05,,85995,,,
,245,85999,3.43249773979187,,
,245,86049,3.353217840194702,,
,245,86099,3.4651730060577393,,
,245,86149,3.4152371883392334,,
,245,86199,3.4775195121765137,,
,245,86249,3.4506583213806152,,
,245,86299,3.419327735900879,,
8.438356532646989e-05,,86346,,,
,246,86349,3.3941116333007812,,
,246,86399,3.4759864807128906,,
,246,86449,3.4403371810913086,,
,246,86499,3.419821262359619,,
,246,86549,3.5287442207336426,,
,246,86599,3.3837859630584717,,
,246,86649,3.4415903091430664,,
8.353972967320519e-05,,86697,,,
,247,86699,3.4508073329925537,,
,247,86749,3.4566378593444824,,
,247,86799,3.4703831672668457,,
,247,86849,3.4203290939331055,,
,247,86899,3.4408164024353027,,
,247,86949,3.5031111240386963,,
,247,86999,3.458690643310547,,
8.270433237647313e-05,,87048,,,
,248,87049,3.481444835662842,,
,248,87099,3.3739748001098633,,
,248,87149,3.469534397125244,,
,248,87199,3.404959201812744,,
,248,87249,3.482412815093994,,
,248,87299,3.4140231609344482,,
,248,87349,3.3825507164001465,,
8.18772890527084e-05,,87399,,,
,249,87399,3.40746808052063,,
,249,87449,3.3164143562316895,,
,249,87499,3.37074613571167,,
,249,87549,3.42748761177063,,
,249,87599,3.464510202407837,,
,249,87649,3.3423917293548584,,
,249,87699,3.35862398147583,,
,249,87749,3.425077438354492,,
8.105851616218132e-05,,87750,,,
,250,87799,3.361253261566162,,
,250,87849,3.4224023818969727,,
,250,87899,3.384064197540283,,
,250,87949,3.460888147354126,,
,250,87999,3.332395553588867,,
,250,88049,3.5258049964904785,,
,250,88099,3.3723366260528564,,
8.024793100055952e-05,,88101,,,
,251,88149,3.388409376144409,,
,251,88199,3.4134249687194824,,
,251,88249,3.483372926712036,,
,251,88299,3.4768123626708984,,
,251,88349,3.3575599193573,,
,251,88399,3.3825736045837402,,
,251,88449,3.382375955581665,,
7.944545169055392e-05,,88452,,,
,252,88499,3.4375081062316895,,
,252,88549,3.414945602416992,,
,252,88599,3.381239891052246,,
,252,88649,3.3491742610931396,,
,252,88699,3.427863121032715,,
,252,88749,3.329213857650757,,
,252,88799,3.4931576251983643,,
7.865099717364838e-05,,88803,,,
,253,88849,3.4568777084350586,,
,253,88899,3.4251651763916016,,
,253,88949,3.4790048599243164,,
,253,88999,3.466031074523926,,
,253,89049,3.432873010635376,,
,253,89099,3.4128427505493164,,
,253,89149,3.445415496826172,,
7.78644872019119e-05,,89154,,,
,254,89199,3.4155426025390625,,
,254,89249,3.3391995429992676,,
,254,89299,3.3923401832580566,,
,254,89349,3.368222236633301,,
,254,89399,3.3482627868652344,,
,254,89449,3.4382057189941406,,
,254,89499,3.409289836883545,,
,254,89504,,3.4529311656951904,
7.708584232989278e-05,,89505,,,
,255,89549,3.4517288208007812,,
,255,89599,3.489992141723633,,
,255,89649,3.3371834754943848,,
,255,89699,3.3484911918640137,,
,255,89749,3.4491493701934814,,
,255,89799,3.3766140937805176,,
,255,89849,3.3790061473846436,,
7.631498390659385e-05,,89856,,,
,256,89899,3.4216814041137695,,
,256,89949,3.4458370208740234,,
,256,89999,3.405733108520508,,
,256,90049,3.4498891830444336,,
,256,90099,3.4815821647644043,,
,256,90149,3.4150562286376953,,
,256,90199,3.383945941925049,,
7.555183406752792e-05,,90207,,,
,257,90249,3.464266300201416,,
,257,90299,3.3816473484039307,,
,257,90349,3.316175937652588,,
,257,90399,3.6273155212402344,,
,257,90449,3.4353585243225098,,
,257,90499,3.3536887168884277,,
,257,90549,3.434845447540283,,
7.479631572685264e-05,,90558,,,
,258,90599,3.5017786026000977,,
,258,90649,3.3487932682037354,,
,258,90699,3.3940136432647705,,
,258,90749,3.3204753398895264,,
,258,90799,3.3220510482788086,,
,258,90849,3.470107316970825,,
,258,90899,3.4723761081695557,,
7.404835256958412e-05,,90909,,,
,259,90949,3.3901684284210205,,
,259,90999,3.448704242706299,,
,259,91049,3.3874173164367676,,
,259,91099,3.363110065460205,,
,259,91149,3.4718985557556152,,
,259,91199,3.456796169281006,,
,259,91249,3.300812005996704,,
7.330786904388828e-05,,91260,,,
,260,91299,3.448211193084717,,
,260,91349,3.4471492767333984,,
,260,91399,3.4613914489746094,,
,260,91449,3.446711540222168,,
,260,91499,3.3758413791656494,,
,260,91549,3.4556684494018555,,
,260,91599,3.478221893310547,,
7.25747903534494e-05,,91611,,,
,261,91649,3.363659620285034,,
,261,91699,3.4620518684387207,,
,261,91749,3.444152355194092,,
,261,91799,3.407240390777588,,
,261,91849,3.428804874420166,,
,261,91899,3.4309258460998535,,
,261,91949,3.3697469234466553,,
7.18490424499149e-05,,91962,,,
,262,91999,3.4886302947998047,,
,262,92049,3.2916369438171387,,
,262,92099,3.4037249088287354,,
,262,92149,3.3375301361083984,,
,262,92199,3.393256425857544,,
,262,92249,3.447874069213867,,
,262,92299,3.3782248497009277,,
7.113055202541575e-05,,92313,,,
,263,92349,3.41501522064209,,
,263,92399,3.406121253967285,,
,263,92449,3.4775495529174805,,
,263,92499,3.4350857734680176,,
,263,92549,3.4294605255126953,,
,263,92599,3.384974241256714,,
,263,92649,3.4121432304382324,,
7.04192465051616e-05,,92664,,,
,264,92699,3.4570798873901367,,
,264,92749,3.398982524871826,,
,264,92799,3.412424325942993,,
,264,92849,3.4365241527557373,,
,264,92899,3.4304187297821045,,
,264,92949,3.5784592628479004,,
,264,92999,3.468632221221924,,
6.971505404010999e-05,,93015,,,
,265,93049,3.461252212524414,,
,265,93099,3.408097505569458,,
,265,93149,3.461921215057373,,
,265,93199,3.4672088623046875,,
,265,93249,3.431586265563965,,
,265,93299,3.5249083042144775,,
,265,93349,3.4651381969451904,,
6.901790349970888e-05,,93366,,,
,266,93399,3.4270901679992676,,
,266,93449,3.334188938140869,,
,266,93499,3.446584463119507,,
,266,93549,3.444855213165283,,
,266,93599,3.3734989166259766,,
,266,93649,3.4416913986206055,,
,266,93699,3.4938745498657227,,
6.832772446471178e-05,,93717,,,
,267,93749,3.460843086242676,,
,267,93799,3.3674612045288086,,
,267,93849,3.5036754608154297,,
,267,93899,3.3475704193115234,,
,267,93949,3.465932607650757,,
,267,93999,3.4876692295074463,,
,267,94049,3.495284080505371,,
6.764444722006467e-05,,94068,,,
,268,94099,3.409196615219116,,
,268,94149,3.458043336868286,,
,268,94199,3.421175479888916,,
,268,94249,3.4560015201568604,,
,268,94299,3.391740560531616,,
,268,94349,3.483571767807007,,
,268,94399,3.272064208984375,,
6.696800274786402e-05,,94419,,,
,269,94449,3.5131378173828125,,
,269,94499,3.4077765941619873,,
,269,94549,3.470818042755127,,
,269,94599,3.4636268615722656,,
,269,94649,3.436868190765381,,
,269,94699,3.345452308654785,,
,269,94749,3.420926570892334,,
,269,94769,,3.451007843017578,
6.629832272038538e-05,,94770,,,
,270,94799,3.391542911529541,,
,270,94849,3.367866277694702,,
,270,94899,3.364931106567383,,
,270,94949,3.4157378673553467,,
,270,94999,3.399019479751587,,
,270,95049,3.489284038543701,,
,270,95099,3.3835768699645996,,
6.563533949318152e-05,,95121,,,
,271,95149,3.5006864070892334,,
,271,95199,3.4145331382751465,,
,271,95249,3.4680700302124023,,
,271,95299,3.4161815643310547,,
,271,95349,3.3751842975616455,,
,271,95399,3.4803757667541504,,
,271,95449,3.4660940170288086,,
6.497898609824971e-05,,95472,,,
,272,95499,3.374281883239746,,
,272,95549,3.4902570247650146,,
,272,95599,3.433365821838379,,
,272,95649,3.429441452026367,,
,272,95699,3.2237658500671387,,
,272,95749,3.386632204055786,,
,272,95799,3.4236178398132324,,
6.432919623726721e-05,,95823,,,
,273,95849,3.4137401580810547,,
,273,95899,3.379805088043213,,
,273,95949,3.379446506500244,,
,273,95999,3.351846694946289,,
,273,96049,3.5052456855773926,,
,273,96099,3.357780694961548,,
,273,96149,3.4226818084716797,,
6.368590427489455e-05,,96174,,,
,274,96199,3.3808815479278564,,
,274,96249,3.3747129440307617,,
,274,96299,3.351536750793457,,
,274,96349,3.4185941219329834,,
,274,96399,3.3861804008483887,,
,274,96449,3.3336451053619385,,
,274,96499,3.442898750305176,,
6.30490452321456e-05,,96525,,,
,275,96549,3.468071937561035,,
,275,96599,3.3800406455993652,,
,275,96649,3.301689624786377,,
,275,96699,3.3979623317718506,,
,275,96749,3.4133877754211426,,
,275,96799,3.4030423164367676,,
,275,96849,3.380758285522461,,
6.241855477982414e-05,,96876,,,
,276,96899,3.4179811477661133,,
,276,96949,3.431753635406494,,
,276,96999,3.443133592605591,,
,276,97049,3.448653221130371,,
,276,97099,3.39115309715271,,
,276,97149,3.441875457763672,,
,276,97199,3.387052536010742,,
6.17943692320259e-05,,97227,,,
,277,97249,3.4619193077087402,,
,277,97299,3.423057794570923,,
,277,97349,3.4720702171325684,,
,277,97399,3.4512157440185547,,
,277,97449,3.5169918537139893,,
,277,97499,3.471935749053955,,
,277,97549,3.38460111618042,,
6.117642553970564e-05,,97578,,,
,278,97599,3.4651718139648438,,
,278,97649,3.39846134185791,,
,278,97699,3.4254536628723145,,
,278,97749,3.4582903385162354,,
,278,97799,3.3773860931396484,,
,278,97849,3.3507072925567627,,
,278,97899,3.3749334812164307,,
6.056466128430859e-05,,97929,,,
,279,97949,3.3787009716033936,,
,279,97999,3.3933024406433105,,
,279,98049,3.374934673309326,,
,279,98099,3.3836987018585205,,
,279,98149,3.34275221824646,,
,279,98199,3.3961775302886963,,
,279,98249,3.49406099319458,,
5.99590146714655e-05,,98280,,,
,280,98299,3.337970733642578,,
,280,98349,3.469344139099121,,
,280,98399,3.4699840545654297,,
,280,98449,3.393970489501953,,
,280,98499,3.3005552291870117,,
,280,98549,3.4108340740203857,,
,280,98599,3.471989154815674,,
5.935942452475084e-05,,98631,,,
,281,98649,3.302373170852661,,
,281,98699,3.3395421504974365,,
,281,98749,3.4720635414123535,,
,281,98799,3.4645068645477295,,
,281,98849,3.4233412742614746,,
,281,98899,3.495710849761963,,
,281,98949,3.5127577781677246,,
5.876583027950333e-05,,98982,,,
,282,98999,3.4262166023254395,,
,282,99049,3.4845199584960938,,
,282,99099,3.4783456325531006,,
,282,99149,3.4200706481933594,,
,282,99199,3.3434016704559326,,
,282,99249,3.40437650680542,,
,282,99299,3.4232194423675537,,
5.8178171976708296e-05,,99333,,,
,283,99349,3.5301547050476074,,
,283,99399,3.425389528274536,,
,283,99449,3.354682445526123,,
,283,99499,3.5396366119384766,,
,283,99549,3.438167095184326,,
,283,99599,3.4524173736572266,,
,283,99649,3.458338975906372,,
5.759639025694121e-05,,99684,,,
,284,99699,3.427905559539795,,
,284,99749,3.455672264099121,,
,284,99799,3.3862099647521973,,
,284,99849,3.453425168991089,,
,284,99899,3.416350841522217,,
,284,99949,3.392181158065796,,
,284,99999,3.395080089569092,,
,284,100034,,3.448958158493042,
5.70204263543718e-05,,100035,,,
,285,100049,3.348928451538086,,
,285,100099,3.432096481323242,,
,285,100149,3.2675914764404297,,
,285,100199,3.3928885459899902,,
,285,100249,3.447000026702881,,
,285,100299,3.3852906227111816,,
,285,100349,3.480745792388916,,
5.645022209082808e-05,,100386,,,
,286,100399,3.3601233959198,,
,286,100449,3.4898815155029297,,
,286,100499,3.383646011352539,,
,286,100549,3.429442882537842,,
,286,100599,3.4478156566619873,,
,286,100649,3.3469762802124023,,
,286,100699,3.4036412239074707,,
5.5885719869919796e-05,,100737,,,
,287,100749,3.4977049827575684,,
,287,100799,3.4493064880371094,,
,287,100849,3.3405585289001465,,
,287,100899,3.4106030464172363,,
,287,100949,3.4244637489318848,,
,287,100999,3.4562926292419434,,
,287,101049,3.4178130626678467,,
5.5326862671220596e-05,,101088,,,
,288,101099,3.3346400260925293,,
,288,101149,3.4822843074798584,,
,288,101199,3.419891834259033,,
,288,101249,3.351097583770752,,
,288,101299,3.369497299194336,,
,288,101349,3.4363765716552734,,
,288,101399,3.3330485820770264,,
5.477359404450839e-05,,101439,,,
,289,101449,3.444887638092041,,
,289,101499,3.479188919067383,,
,289,101549,3.4020180702209473,,
,289,101599,3.4336578845977783,,
,289,101649,3.354487419128418,,
,289,101699,3.3816418647766113,,
,289,101749,3.49174165725708,,
5.42258581040633e-05,,101790,,,
,290,101799,3.392202854156494,,
,290,101849,3.3068509101867676,,
,290,101899,3.4348676204681396,,
,290,101949,3.4644947052001953,,
,290,101999,3.4079086780548096,,
,290,102049,3.437277317047119,,
,290,102099,3.481003999710083,,
5.3683599523022665e-05,,102141,,,
,291,102149,3.370138168334961,,
,291,102199,3.3766016960144043,,
,291,102249,3.4748048782348633,,
,291,102299,3.4982614517211914,,
,291,102349,3.4264068603515625,,
,291,102399,3.335751533508301,,
,291,102449,3.393632411956787,,
5.314676352779244e-05,,102492,,,
,292,102499,3.4467015266418457,,
,292,102549,3.4281513690948486,,
,292,102599,3.4702978134155273,,
,292,102649,3.4253175258636475,,
,292,102699,3.4052555561065674,,
,292,102749,3.434837818145752,,
,292,102799,3.529391288757324,,
5.2615295892514514e-05,,102843,,,
,293,102849,3.353170394897461,,
,293,102899,3.497256278991699,,
,293,102949,3.394226551055908,,
,293,102999,3.347860336303711,,
,293,103049,3.473194122314453,,
,293,103099,3.3239424228668213,,
,293,103149,3.3668994903564453,,
5.208914293358937e-05,,103194,,,
,294,103199,3.280989170074463,,
,294,103249,3.4117753505706787,,
,294,103299,3.494265556335449,,
,294,103349,3.4757778644561768,,
,294,103399,3.371973752975464,,
,294,103449,3.358466148376465,,
,294,103499,3.3641700744628906,,
5.156825150425348e-05,,103545,,,
,295,103549,3.3581552505493164,,
,295,103599,3.3692140579223633,,
,295,103649,3.3744781017303467,,
,295,103699,3.452291965484619,,
,295,103749,3.3676350116729736,,
,295,103799,3.4616072177886963,,
,295,103849,3.3385372161865234,,
5.105256898921094e-05,,103896,,,
,296,103899,3.4219908714294434,,
,296,103949,3.5227701663970947,,
,296,103999,3.4400522708892822,,
,296,104049,3.3973467350006104,,
,296,104099,3.293586492538452,,
,296,104149,3.442061185836792,,
,296,104199,3.465888500213623,,
5.0542043299318834e-05,,104247,,,
,297,104249,3.3791825771331787,,
,297,104299,3.395833969116211,,
,297,104349,3.367070436477661,,
,297,104399,3.436469793319702,,
,297,104449,3.3181796073913574,,
,297,104499,3.3973278999328613,,
,297,104549,3.4451353549957275,,
5.003662286632564e-05,,104598,,,
,298,104599,3.4604310989379883,,
,298,104649,3.435819625854492,,
,298,104699,3.373955726623535,,
,298,104749,3.415466070175171,,
,298,104799,3.4945874214172363,,
,298,104849,3.3931877613067627,,
,298,104899,3.3752620220184326,,
4.953625663766238e-05,,104949,,,
,299,104949,3.3615286350250244,,
,299,104999,3.394191265106201,,
,299,105049,3.4169821739196777,,
,299,105099,3.478607654571533,,
,299,105149,3.3944501876831055,,
,299,105199,3.4398293495178223,,
,299,105249,3.3520305156707764,,
,299,105299,3.5031042098999023,,
,299,105299,,3.4459500312805176,
4.904089407128576e-05,,105300,,,
,300,105349,3.335766315460205,,
,300,105399,3.476062536239624,,
,300,105449,3.400690793991089,,
,300,105499,3.4266457557678223,,
,300,105549,3.496291160583496,,
,300,105599,3.3968114852905273,,
,300,105649,3.434624433517456,,
4.85504851305729e-05,,105651,,,
,301,105699,3.466324806213379,,
,301,105749,3.326951503753662,,
,301,105799,3.5036754608154297,,
,301,105849,3.475524425506592,,
,301,105899,3.4215707778930664,,
,301,105949,3.4143598079681396,,
,301,105999,3.497189521789551,,
4.806498027926717e-05,,106002,,,
,302,106049,3.358701229095459,,
,302,106099,3.3502843379974365,,
,302,106149,3.3802285194396973,,
,302,106199,3.4800074100494385,,
,302,106249,3.355708599090576,,
,302,106299,3.397745132446289,,
,302,106349,3.3040428161621094,,
4.75843304764745e-05,,106353,,,
,303,106399,3.4334583282470703,,
,303,106449,3.5246379375457764,,
,303,106499,3.3553004264831543,,
,303,106549,3.402144193649292,,
,303,106599,3.427619457244873,,
,303,106649,3.4052419662475586,,
,303,106699,3.447445869445801,,
4.7108487171709756e-05,,106704,,,
,304,106749,3.3499841690063477,,
,304,106799,3.3773231506347656,,
,304,106849,3.3911683559417725,,
,304,106899,3.4009482860565186,,
,304,106949,3.3678267002105713,,
,304,106999,3.4372196197509766,,
,304,107049,3.3908424377441406,,
4.6637402299992657e-05,,107055,,,
,305,107099,3.4544739723205566,,
,305,107149,3.459216594696045,,
,305,107199,3.5024821758270264,,
,305,107249,3.4266908168792725,,
,305,107299,3.369980812072754,,
,305,107349,3.503061532974243,,
,305,107399,3.409764528274536,,
4.617102827699273e-05,,107406,,,
,306,107449,3.384892463684082,,
,306,107499,3.393881320953369,,
,306,107549,3.446960210800171,,
,306,107599,3.4158034324645996,,
,306,107649,3.3728346824645996,,
,306,107699,3.479245662689209,,
,306,107749,3.414449453353882,,
4.5709317994222804e-05,,107757,,,
,307,107799,3.2963290214538574,,
,307,107849,3.349315881729126,,
,307,107899,3.320455551147461,,
,307,107949,3.313833236694336,,
,307,107999,3.413735866546631,,
,307,108049,3.5033421516418457,,
,307,108099,3.425853729248047,,
4.5252224814280574e-05,,108108,,,
,308,108149,3.5185766220092773,,
,308,108199,3.388894557952881,,
,308,108249,3.4589717388153076,,
,308,108299,3.408585786819458,,
,308,108349,3.4868152141571045,,
,308,108399,3.3701977729797363,,
,308,108449,3.488847494125366,,
4.479970256613777e-05,,108459,,,
,309,108499,3.388270378112793,,
,309,108549,3.4163568019866943,,
,309,108599,3.4905993938446045,,
,309,108649,3.467635154724121,,
,309,108699,3.3674087524414062,,
,309,108749,3.3428854942321777,,
,309,108799,3.426128387451172,,
4.4351705540476394e-05,,108810,,,
,310,108849,3.4084229469299316,,
,310,108899,3.409749984741211,,
,310,108949,3.3848042488098145,,
,310,108999,3.4020581245422363,,
,310,109049,3.448310136795044,,
,310,109099,3.468418836593628,,
,310,109149,3.462897300720215,,
4.3908188485071626e-05,,109161,,,
,311,109199,3.4031176567077637,,
,311,109249,3.3718104362487793,,
,311,109299,3.4437010288238525,,
,311,109349,3.4688427448272705,,
,311,109399,3.4047598838806152,,
,311,109449,3.4832704067230225,,
,311,109499,3.4573874473571777,,
4.346910660022091e-05,,109512,,,
,312,109549,3.4112746715545654,,
,312,109599,3.450174331665039,,
,312,109649,3.4080779552459717,,
,312,109699,3.3587260246276855,,
,312,109749,3.4733471870422363,,
,312,109799,3.368147611618042,,
,312,109849,3.42488694190979,,
4.30344155342187e-05,,109863,,,
,313,109899,3.403048038482666,,
,313,109949,3.432962417602539,,
,313,109999,3.35801100730896,,
,313,110049,3.3595452308654785,,
,313,110099,3.4422507286071777,,
,313,110149,3.4383621215820312,,
,313,110199,3.53762149810791,,
4.260407137887652e-05,,110214,,,
,314,110249,3.336513042449951,,
,314,110299,3.4326043128967285,,
,314,110349,3.3801450729370117,,
,314,110399,3.4171810150146484,,
,314,110449,3.3146748542785645,,
,314,110499,3.4166297912597656,,
,314,110549,3.365222930908203,,
,314,110564,,3.446648120880127,
4.217803066508775e-05,,110565,,,
,315,110599,3.330317974090576,,
,315,110649,3.478663444519043,,
,315,110699,3.436713695526123,,
,315,110749,3.4443576335906982,,
,315,110799,3.4540839195251465,,
,315,110849,3.3958323001861572,,
,315,110899,3.45365571975708,,
4.1756250358436874e-05,,110916,,,
,316,110949,3.3846378326416016,,
,316,110999,3.378664493560791,,
,316,111049,3.3889360427856445,,
,316,111099,3.4048848152160645,,
,316,111149,3.5030124187469482,,
,316,111199,3.3919737339019775,,
,316,111249,3.3609185218811035,,
4.133868785485251e-05,,111267,,,
,317,111299,3.4299867153167725,,
,317,111349,3.4007062911987305,,
,317,111399,3.4726881980895996,,
,317,111449,3.4474432468414307,,
,317,111499,3.372166156768799,,
,317,111549,3.3423268795013428,,
,317,111599,3.3845300674438477,,
4.0925300976303984e-05,,111618,,,
,318,111649,3.379742383956909,,
,318,111699,3.4975523948669434,,
,318,111749,3.447014331817627,,
,318,111799,3.421668767929077,,
,318,111849,3.448960304260254,,
,318,111899,3.4389724731445312,,
,318,111949,3.5740208625793457,,
4.0516047966540946e-05,,111969,,,
,319,111999,3.4378271102905273,,
,319,112049,3.438588857650757,,
,319,112099,3.422311305999756,,
,319,112149,3.5312509536743164,,
,319,112199,3.4622550010681152,,
,319,112249,3.4777426719665527,,
,319,112299,3.5080976486206055,,
4.0110887486875534e-05,,112320,,,
,320,112349,3.4374048709869385,,
,320,112399,3.4059951305389404,,
,320,112449,3.3796184062957764,,
,320,112499,3.46102237701416,,
,320,112549,3.3131699562072754,,
,320,112599,3.365025520324707,,
,320,112649,3.3427486419677734,,
3.970977861200678e-05,,112671,,,
,321,112699,3.455817222595215,,
,321,112749,3.4647634029388428,,
,321,112799,3.3413617610931396,,
,321,112849,3.478346586227417,,
,321,112899,3.426029920578003,,
,321,112949,3.358980894088745,,
,321,112999,3.493199348449707,,
3.9312680825886715e-05,,113022,,,
,322,113049,3.4620139598846436,,
,322,113099,3.390228748321533,,
,322,113149,3.4158458709716797,,
,322,113199,3.4511427879333496,,
,322,113249,3.3950157165527344,,
,322,113299,3.448424816131592,,
,322,113349,3.3755550384521484,,
3.891955401762785e-05,,113373,,,
,323,113399,3.385681629180908,,
,323,113449,3.4845540523529053,,
,323,113499,3.386702060699463,,
,323,113549,3.464935064315796,,
,323,113599,3.350569725036621,,
,323,113649,3.4699833393096924,,
,323,113699,3.3753325939178467,,
3.8530358477451566e-05,,113724,,,
,324,113749,3.4446258544921875,,
,324,113799,3.339998722076416,,
,324,113849,3.419348955154419,,
,324,113899,3.3675923347473145,,
,324,113949,3.478762149810791,,
,324,113999,3.4670581817626953,,
,324,114049,3.408794403076172,,
3.814505489267705e-05,,114075,,,
,325,114099,3.395622968673706,,
,325,114149,3.360173225402832,,
,325,114199,3.383267879486084,,
,325,114249,3.510964870452881,,
,325,114299,3.431368350982666,,
,325,114349,3.399479866027832,,
,325,114399,3.3916516304016113,,
3.776360434375028e-05,,114426,,,
,326,114449,3.522726058959961,,
,326,114499,3.370871067047119,,
,326,114549,3.5257201194763184,,
,326,114599,3.4155659675598145,,
,326,114649,3.4331631660461426,,
,326,114699,3.484117031097412,,
,326,114749,3.3884201049804688,,
3.738596830031278e-05,,114777,,,
,327,114799,3.3970062732696533,,
,327,114849,3.46453857421875,,
,327,114899,3.3604583740234375,,
,327,114949,3.347137928009033,,
,327,114999,3.4261069297790527,,
,327,115049,3.356956720352173,,
,327,115099,3.3713717460632324,,
3.701210861730965e-05,,115128,,,
,328,115149,3.471914291381836,,
,328,115199,3.4174752235412598,,
,328,115249,3.3364245891571045,,
,328,115299,3.4435431957244873,,
,328,115349,3.4046683311462402,,
,328,115399,3.406768560409546,,
,328,115449,3.351168632507324,,
3.664198753113655e-05,,115479,,,
,329,115499,3.339322328567505,,
,329,115549,3.386328935623169,,
,329,115599,3.4346442222595215,,
,329,115649,3.362102508544922,,
,329,115699,3.3657026290893555,,
,329,115749,3.515726089477539,,
,329,115799,3.4270243644714355,,
,329,115829,,3.4438183307647705,
3.6275567655825185e-05,,115830,,,
,330,115849,3.4004898071289062,,
,330,115899,3.415097713470459,,
,330,115949,3.4037928581237793,,
,330,115999,3.4395229816436768,,
,330,116049,3.5686872005462646,,
,330,116099,3.449230670928955,,
,330,116149,3.465603828430176,,
3.5912811979266936e-05,,116181,,,
,331,116199,3.440854787826538,,
,331,116249,3.478271484375,,
,331,116299,3.3313775062561035,,
,331,116349,3.4092159271240234,,
,331,116399,3.378112316131592,,
,331,116449,3.4873600006103516,,
,331,116499,3.423241376876831,,
3.555368385947427e-05,,116532,,,
,332,116549,3.459665060043335,,
,332,116599,3.347734212875366,,
,332,116649,3.452834367752075,,
,332,116699,3.3433470726013184,,
,332,116749,3.454577922821045,,
,332,116799,3.433241367340088,,
,332,116849,3.4558348655700684,,
3.5198147020879524e-05,,116883,,,
,333,116899,3.4190244674682617,,
,333,116949,3.4908106327056885,,
,333,116999,3.4293508529663086,,
,333,117049,3.326012134552002,,
,333,117099,3.3904261589050293,,
,333,117149,3.232433795928955,,
,333,117199,3.3993911743164062,,
3.484616555067073e-05,,117234,,,
,334,117249,3.4470572471618652,,
,334,117299,3.368713855743408,,
,334,117349,3.3503689765930176,,
,334,117399,3.4392056465148926,,
,334,117449,3.382568836212158,,
,334,117499,3.3440675735473633,,
,334,117549,3.454572916030884,,
3.4497703895164024e-05,,117585,,,
,335,117599,3.2790703773498535,,
,335,117649,3.411238193511963,,
,335,117699,3.3956007957458496,,
,335,117749,3.361478328704834,,
,335,117799,3.4039223194122314,,
,335,117849,3.460704803466797,,
,335,117899,3.338968276977539,,
3.4152726856212386e-05,,117936,,,
,336,117949,3.427469491958618,,
,336,117999,3.384561061859131,,
,336,118049,3.4082374572753906,,
,336,118099,3.33855938911438,,
,336,118149,3.391185760498047,,
,336,118199,3.4600419998168945,,
,336,118249,3.431497573852539,,
3.381119958765026e-05,,118287,,,
,337,118299,3.3823256492614746,,
,337,118349,3.4519941806793213,,
,337,118399,3.3411498069763184,,
,337,118449,3.4288110733032227,,
,337,118499,3.2991740703582764,,
,337,118549,3.452817916870117,,
,337,118599,3.3433165550231934,,
3.3473087591773755e-05,,118638,,,
,338,118649,3.380932569503784,,
,338,118699,3.520963668823242,,
,338,118749,3.388793468475342,,
,338,118799,3.3334009647369385,,
,338,118849,3.565274477005005,,
,338,118899,3.499537944793701,,
,338,118949,3.377671718597412,,
3.313835671585602e-05,,118989,,,
,339,118999,3.3636093139648438,,
,339,119049,3.417346477508545,,
,339,119099,3.476266384124756,,
,339,119149,3.415131092071533,,
,339,119199,3.457839012145996,,
,339,119249,3.3752293586730957,,
,339,119299,3.410583257675171,,
3.280697314869746e-05,,119340,,,
,340,119349,3.4216480255126953,,
,340,119399,3.4705629348754883,,
,340,119449,3.3318028450012207,,
,340,119499,3.3889665603637695,,
,340,119549,3.5758798122406006,,
,340,119599,3.445744752883911,,
,340,119649,3.428037643432617,,
3.247890341721048e-05,,119691,,,
,341,119699,3.363016128540039,,
,341,119749,3.4954652786254883,,
,341,119799,3.3833277225494385,,
,341,119849,3.400967597961426,,
,341,119899,3.3925700187683105,,
,341,119949,3.4621541500091553,,
,341,119999,3.4057722091674805,,
3.215411438303838e-05,,120042,,,
,342,120049,3.380044460296631,,
,342,120099,3.320767402648926,,
,342,120149,3.3315014839172363,,
,342,120199,3.4056501388549805,,
,342,120249,3.409959316253662,,
,342,120299,3.332521438598633,,
,342,120349,3.4230852127075195,,
3.1832573239207997e-05,,120393,,,
,343,120399,3.4563488960266113,,
,343,120449,3.395909070968628,,
,343,120499,3.44728946685791,,
,343,120549,3.4166975021362305,,
,343,120599,3.42630672454834,,
,343,120649,3.48007869720459,,
,343,120699,3.337344169616699,,
3.1514247506815915e-05,,120744,,,
,344,120749,3.430009126663208,,
,344,120799,3.3698196411132812,,
,344,120849,3.4392666816711426,,
,344,120899,3.4541139602661133,,
,344,120949,3.369746685028076,,
,344,120999,3.4636077880859375,,
,344,121049,3.4183900356292725,,
,344,121094,,3.4428911209106445,
3.1199105031747755e-05,,121095,,,
,345,121099,3.387212038040161,,
,345,121149,3.4954466819763184,,
,345,121199,3.383103370666504,,
,345,121249,3.3734476566314697,,
,345,121299,3.3079075813293457,,
,345,121349,3.5176892280578613,,
,345,121399,3.4432132244110107,,
3.0887113981430276e-05,,121446,,,
,346,121449,3.4281458854675293,,
,346,121499,3.487185478210449,,
,346,121549,3.511725425720215,,
,346,121599,3.47597599029541,,
,346,121649,3.369647741317749,,
,346,121699,3.457214593887329,,
,346,121749,3.412020206451416,,
3.0578242841615975e-05,,121797,,,
,347,121799,3.403618574142456,,
,347,121849,3.4642722606658936,,
,347,121899,3.356050491333008,,
,347,121949,3.3649797439575195,,
,347,121999,3.326932430267334,,
,347,122049,3.4518327713012695,,
,347,122099,3.3427064418792725,,
3.0272460413199815e-05,,122148,,,
,348,122149,3.4001665115356445,,
,348,122199,3.2853565216064453,,
,348,122249,3.3816475868225098,,
,348,122299,3.390733242034912,,
,348,122349,3.3032944202423096,,
,348,122399,3.3749241828918457,,
,348,122449,3.3029608726501465,,
2.9969735809067817e-05,,122499,,,
,349,122499,3.327667236328125,,
,349,122549,3.3696184158325195,,
,349,122599,3.463082790374756,,
,349,122649,3.4134976863861084,,
,349,122699,3.4067554473876953,,
,349,122749,3.4490840435028076,,
,349,122799,3.3920302391052246,,
,349,122849,3.2911880016326904,,
2.967003845097714e-05,,122850,,,
,350,122899,3.2985925674438477,,
,350,122949,3.4471535682678223,,
,350,122999,3.3572616577148438,,
,350,123049,3.387939691543579,,
,350,123099,3.5302743911743164,,
,350,123149,3.330537796020508,,
,350,123199,3.435563325881958,,
,351,123201,,,3.434110641479492
,351,123201,,,3.4216439723968506
